Data,Preco,Titulo,Produto
2025-01-01,999.0,Título do Produto Teste,
2025-02-01,950.0,Título do Produto Teste,
2025-03-01,900.0,Título do Produto Teste,
2025-11-25,4364.0,,Título Desconhecido
2025-11-25,362.0,,Título Desconhecido
2025-11-25,699.0,,Título Desconhecido
2025-11-25,4849.0,,Título Desconhecido
2025-11-25,246.0,,Título Desconhecido
2025-11-25,16.0,,Título Desconhecido
2025-11-25,246.0,,Título Desconhecido
2025-11-25,234.0,,Título Desconhecido
2025-11-25,16.0,,Título Desconhecido
2025-11-25,246.0,,Título Desconhecido
2025-11-25,16.0,,Título Desconhecido
2025-11-25,4849.0,,Título Desconhecido
2025-11-25,32.36,,Kit 3 Cestos Organizadores de Bambu Multiuso com Forro
2025-11-25,645.99,,Armário de Cozinha Compacta Rustic/Preto Emilly Pop Madesa XA
2025-11-25,35.75,,Travesseiro Nasa Visco Elástico 50x70 Antialergico Antiácaro Comfort Nasa
2025-11-25,671.49,,Conjunto Sala de Jantar Mesa Tampo de Madeira 6 Cadeiras Rustic/Crema/Bege Jaíne Madesa
2025-11-25,43.9,,Jogo De Frigideiras Francesas 3 Peças 14 18 24cm Preto Nacional
2025-11-25,32.36,,Kit 3 Cestos Organizadores de Bambu Multiuso com Forro
2025-11-25,645.99,,Armário de Cozinha Compacta Rustic/Preto Emilly Pop Madesa XA
2025-11-25,35.75,,Travesseiro Nasa Visco Elástico 50x70 Antialergico Antiácaro Comfort Nasa
2025-11-25,671.49,,Conjunto Sala de Jantar Mesa Tampo de Madeira 6 Cadeiras Rustic/Crema/Bege Jaíne Madesa
2025-11-25,43.9,,Jogo De Frigideiras Francesas 3 Peças 14 18 24cm Preto Nacional
2025-11-25,362.0,,Título Desconhecido
2025-11-25,234.0,,Título Desconhecido
2025-11-25,4849.0,,Título Desconhecido
2025-11-25,32.36,,Kit 3 Cestos Organizadores de Bambu Multiuso com Forro
2025-11-25,645.99,,Armário de Cozinha Compacta Rustic/Preto Emilly Pop Madesa XA
2025-11-25,35.75,,Travesseiro Nasa Visco Elástico 50x70 Antialergico Antiácaro Comfort Nasa
2025-11-25,671.49,,Conjunto Sala de Jantar Mesa Tampo de Madeira 6 Cadeiras Rustic/Crema/Bege Jaíne Madesa
2025-11-25,43.9,,Jogo De Frigideiras Francesas 3 Peças 14 18 24cm Preto Nacional
2025-11-25,246.0,,Echo Pop (Geração mais recente) | Smart speaker compacto com som envolvente e Alexa | Cor Preta
2025-11-25,362.0,,Echo Dot (Geração mais recente) | O Echo Dot com o melhor som já lançado | Cor Preta
2025-11-25,246.0,,Echo Pop (Geração mais recente) | Smart speaker compacto com som envolvente e Alexa | Cor Preta
2025-11-25,16.0,,Pilha Alcalina AAA com 8 unidades Elgin Palito
2025-11-25,4849.0,,Apple iPhone 16 (128 GB) – Preto
2025-11-25,32.36,,Kit 3 Cestos Organizadores de Bambu Multiuso com Forro
2025-11-25,645.99,,Armário de Cozinha Compacta Rustic/Preto Emilly Pop Madesa XA
2025-11-25,671.49,,Conjunto Sala de Jantar Mesa Tampo de Madeira 6 Cadeiras Rustic/Crema/Bege Jaíne Madesa
2025-11-25,43.9,,Jogo De Frigideiras Francesas 3 Peças 14 18 24cm Preto Nacional
2025-11-25,297.23,,Conjunto de Gabinete Banheiro 80cm com Cuba e Espelheira -
2025-11-25,32.36,,Kit 3 Cestos Organizadores de Bambu Multiuso com Forro
2025-11-25,645.99,,Armário de Cozinha Compacta Rustic/Preto Emilly Pop Madesa XA
2025-11-25,671.49,,Conjunto Sala de Jantar Mesa Tampo de Madeira 6 Cadeiras Rustic/Crema/Bege Jaíne Madesa
2025-11-25,43.9,,Jogo De Frigideiras Francesas 3 Peças 14 18 24cm Preto Nacional
2025-11-25,297.23,,Conjunto de Gabinete Banheiro 80cm com Cuba e Espelheira -
2025-11-25,32.36,,Kit 3 Cestos Organizadores de Bambu Multiuso com Forro
2025-11-25,645.99,,Armário de Cozinha Compacta Rustic/Preto Emilly Pop Madesa XA
2025-11-25,671.49,,Conjunto Sala de Jantar Mesa Tampo de Madeira 6 Cadeiras Rustic/Crema/Bege Jaíne Madesa
2025-11-25,43.9,,Jogo De Frigideiras Francesas 3 Peças 14 18 24cm Preto Nacional
2025-11-25,297.23,,Conjunto de Gabinete Banheiro 80cm com Cuba e Espelheira -
2025-11-25,32.36,,Kit 3 Cestos Organizadores de Bambu Multiuso com Forro
2025-11-25,32.36,,Kit 3 Cestos Organizadores de Bambu Multiuso com Forro
2025-11-25,645.99,,Armário de Cozinha Compacta Rustic/Preto Emilly Pop Madesa XA
2025-11-25,671.49,,Conjunto Sala de Jantar Mesa Tampo de Madeira 6 Cadeiras Rustic/Crema/Bege Jaíne Madesa
2025-11-25,43.9,,Jogo De Frigideiras Francesas 3 Peças 14 18 24cm Preto Nacional
2025-11-25,297.23,,Conjunto de Gabinete Banheiro 80cm com Cuba e Espelheira -
2025-11-25,1499.99,,"Smart TV 43"" LED AIWA BL-02-A 2 HDMI 2 USB Processador Quad Core - Preto"
2025-11-25,1099.0,,"Smart TV 32"" LED AIWA BL-02-A 2 HDMI 2 USB"
2025-11-25,949.0,,Smart TV 32” Philco PTV32G23AGSSBLH Android TV LED Wi-Fi 2 HDMI 2 USB
2025-11-25,1499.99,,"Smart TV 43"" Philco Android TV Full HD Borda Infinita"
2025-11-25,949.0,,"Smart TV LED 32"" Philco PTV32G7 Roku TV Dolby Audio 2 HDMI 1 USB - Prata"
2025-11-25,32.36,,Kit 3 Cestos Organizadores de Bambu Multiuso com Forro
2025-11-25,645.99,,Armário de Cozinha Compacta Rustic/Preto Emilly Pop Madesa XA
2025-11-25,671.49,,Conjunto Sala de Jantar Mesa Tampo de Madeira 6 Cadeiras Rustic/Crema/Bege Jaíne Madesa
2025-11-25,43.9,,Jogo De Frigideiras Francesas 3 Peças 14 18 24cm Preto Nacional
2025-11-25,297.23,,Conjunto de Gabinete Banheiro 80cm com Cuba e Espelheira -
2025-11-25,1499.99,,"Smart TV 43"" LED AIWA BL-02-A 2 HDMI 2 USB Processador Quad Core - Preto"
2025-11-25,1099.0,,"Smart TV 32"" LED AIWA BL-02-A 2 HDMI 2 USB"
2025-11-25,949.0,,Smart TV 32” Philco PTV32G23AGSSBLH Android TV LED Wi-Fi 2 HDMI 2 USB
2025-11-25,1499.99,,"Smart TV 43"" Philco Android TV Full HD Borda Infinita"
2025-11-25,949.0,,"Smart TV LED 32"" Philco PTV32G7 Roku TV Dolby Audio 2 HDMI 1 USB - Prata"
2025-11-25,1499.99,,"Smart TV 43"" LED AIWA BL-02-A 2 HDMI 2 USB Processador Quad Core - Preto"
2025-11-25,1099.0,,"Smart TV 32"" LED AIWA BL-02-A 2 HDMI 2 USB"
2025-11-25,949.0,,Smart TV 32” Philco PTV32G23AGSSBLH Android TV LED Wi-Fi 2 HDMI 2 USB
2025-11-25,1499.99,,"Smart TV 43"" Philco Android TV Full HD Borda Infinita"
2025-11-25,949.0,,"Smart TV LED 32"" Philco PTV32G7 Roku TV Dolby Audio 2 HDMI 1 USB - Prata"
2025-11-25,32.36,,Kit 3 Cestos Organizadores de Bambu Multiuso com Forro
2025-11-25,645.99,,Armário de Cozinha Compacta Rustic/Preto Emilly Pop Madesa XA
2025-11-25,671.49,,Conjunto Sala de Jantar Mesa Tampo de Madeira 6 Cadeiras Rustic/Crema/Bege Jaíne Madesa
2025-11-25,43.9,,Jogo De Frigideiras Francesas 3 Peças 14 18 24cm Preto Nacional
2025-11-25,297.23,,Conjunto de Gabinete Banheiro 80cm com Cuba e Espelheira -
2025-11-25,1499.99,,"Smart TV 43"" LED AIWA BL-02-A 2 HDMI 2 USB Processador Quad Core - Preto"
2025-11-25,949.0,,Smart TV 32” Philco PTV32G23AGSSBLH Android TV LED Wi-Fi 2 HDMI 2 USB
2025-11-25,949.0,,"Smart TV LED 32"" Philco PTV32G7 Roku TV Dolby Audio 2 HDMI 1 USB - Prata"
2025-11-25,32.36,,Kit 3 Cestos Organizadores de Bambu Multiuso com Forro
2025-11-25,645.99,,Armário de Cozinha Compacta Rustic/Preto Emilly Pop Madesa XA
2025-11-25,671.49,,Conjunto Sala de Jantar Mesa Tampo de Madeira 6 Cadeiras Rustic/Crema/Bege Jaíne Madesa
2025-11-25,43.9,,Jogo De Frigideiras Francesas 3 Peças 14 18 24cm Preto Nacional
2025-11-25,297.23,,Conjunto de Gabinete Banheiro 80cm com Cuba e Espelheira -
2025-11-25,1499.99,,"Smart TV 43"" LED AIWA BL-02-A 2 HDMI 2 USB Processador Quad Core - Preto"
2025-11-25,949.0,,Smart TV 32” Philco PTV32G23AGSSBLH Android TV LED Wi-Fi 2 HDMI 2 USB
2025-11-25,949.0,,"Smart TV LED 32"" Philco PTV32G7 Roku TV Dolby Audio 2 HDMI 1 USB - Prata"
2025-11-26,32.36,,Kit 3 Cestos Organizadores de Bambu Multiuso com Forro
2025-11-26,645.99,,Armário de Cozinha Compacta Rustic/Preto Emilly Pop Madesa XA
2025-11-26,671.49,,Conjunto Sala de Jantar Mesa Tampo de Madeira 6 Cadeiras Rustic/Crema/Bege Jaíne Madesa
2025-11-26,43.9,,Jogo De Frigideiras Francesas 3 Peças 14 18 24cm Preto Nacional
2025-11-26,297.23,,Conjunto de Gabinete Banheiro 80cm com Cuba e Espelheira -
2025-11-26,1499.99,,"Smart TV 43"" LED AIWA BL-02-A 2 HDMI 2 USB Processador Quad Core - Preto"
2025-11-26,949.0,,Smart TV 32” Philco PTV32G23AGSSBLH Android TV LED Wi-Fi 2 HDMI 2 USB
2025-11-26,949.0,,"Smart TV LED 32"" Philco PTV32G7 Roku TV Dolby Audio 2 HDMI 1 USB - Prata"
2025-11-26,32.36,,Kit 3 Cestos Organizadores de Bambu Multiuso com Forro
2025-11-26,645.99,,Armário de Cozinha Compacta Rustic/Preto Emilly Pop Madesa XA
2025-11-26,671.49,,Conjunto Sala de Jantar Mesa Tampo de Madeira 6 Cadeiras Rustic/Crema/Bege Jaíne Madesa
2025-11-26,43.9,,Jogo De Frigideiras Francesas 3 Peças 14 18 24cm Preto Nacional
2025-11-26,297.23,,Conjunto de Gabinete Banheiro 80cm com Cuba e Espelheira -
2025-11-26,1499.99,,"Smart TV 43"" LED AIWA BL-02-A 2 HDMI 2 USB Processador Quad Core - Preto"
2025-11-26,949.0,,Smart TV 32” Philco PTV32G23AGSSBLH Android TV LED Wi-Fi 2 HDMI 2 USB
2025-11-26,949.0,,"Smart TV LED 32"" Philco PTV32G7 Roku TV Dolby Audio 2 HDMI 1 USB - Prata"
2025-11-26,32.36,,Kit 3 Cestos Organizadores de Bambu Multiuso com Forro
2025-11-26,645.99,,Armário de Cozinha Compacta Rustic/Preto Emilly Pop Madesa XA
2025-11-26,671.49,,Conjunto Sala de Jantar Mesa Tampo de Madeira 6 Cadeiras Rustic/Crema/Bege Jaíne Madesa
2025-11-26,43.9,,Jogo De Frigideiras Francesas 3 Peças 14 18 24cm Preto Nacional
2025-11-26,297.23,,Conjunto de Gabinete Banheiro 80cm com Cuba e Espelheira -
2025-11-26,1499.99,,"Smart TV 43"" LED AIWA BL-02-A 2 HDMI 2 USB Processador Quad Core - Preto"
2025-11-26,949.0,,Smart TV 32” Philco PTV32G23AGSSBLH Android TV LED Wi-Fi 2 HDMI 2 USB
2025-11-26,949.0,,"Smart TV LED 32"" Philco PTV32G7 Roku TV Dolby Audio 2 HDMI 1 USB - Prata"
2025-11-26,32.36,,Kit 3 Cestos Organizadores de Bambu Multiuso com Forro
2025-11-26,645.99,,Armário de Cozinha Compacta Rustic/Preto Emilly Pop Madesa XA
2025-11-26,671.49,,Conjunto Sala de Jantar Mesa Tampo de Madeira 6 Cadeiras Rustic/Crema/Bege Jaíne Madesa
2025-11-26,43.9,,Jogo De Frigideiras Francesas 3 Peças 14 18 24cm Preto Nacional
2025-11-26,297.23,,Conjunto de Gabinete Banheiro 80cm com Cuba e Espelheira -
2025-11-26,1499.99,,"Smart TV 43"" LED AIWA BL-02-A 2 HDMI 2 USB Processador Quad Core - Preto"
2025-11-26,949.0,,Smart TV 32” Philco PTV32G23AGSSBLH Android TV LED Wi-Fi 2 HDMI 2 USB
2025-11-26,949.0,,"Smart TV LED 32"" Philco PTV32G7 Roku TV Dolby Audio 2 HDMI 1 USB - Prata"
2025-11-26,32.36,,Kit 3 Cestos Organizadores de Bambu Multiuso com Forro
2025-11-26,645.99,,Armário de Cozinha Compacta Rustic/Preto Emilly Pop Madesa XA
2025-11-26,671.49,,Conjunto Sala de Jantar Mesa Tampo de Madeira 6 Cadeiras Rustic/Crema/Bege Jaíne Madesa
2025-11-26,43.9,,Jogo De Frigideiras Francesas 3 Peças 14 18 24cm Preto Nacional
2025-11-26,297.23,,Conjunto de Gabinete Banheiro 80cm com Cuba e Espelheira -
2025-11-26,1499.99,,"Smart TV 43"" LED AIWA BL-02-A 2 HDMI 2 USB Processador Quad Core - Preto"
2025-11-26,949.0,,Smart TV 32” Philco PTV32G23AGSSBLH Android TV LED Wi-Fi 2 HDMI 2 USB
2025-11-26,949.0,,"Smart TV LED 32"" Philco PTV32G7 Roku TV Dolby Audio 2 HDMI 1 USB - Prata"
2025-11-26,32.36,,Kit 3 Cestos Organizadores de Bambu Multiuso com Forro
2025-11-26,645.99,,Armário de Cozinha Compacta Rustic/Preto Emilly Pop Madesa XA
2025-11-26,671.49,,Conjunto Sala de Jantar Mesa Tampo de Madeira 6 Cadeiras Rustic/Crema/Bege Jaíne Madesa
2025-11-26,43.9,,Jogo De Frigideiras Francesas 3 Peças 14 18 24cm Preto Nacional
2025-11-26,297.23,,Conjunto de Gabinete Banheiro 80cm com Cuba e Espelheira -
2025-11-26,1499.99,,"Smart TV 43"" LED AIWA BL-02-A 2 HDMI 2 USB Processador Quad Core - Preto"
2025-11-26,949.0,,Smart TV 32” Philco PTV32G23AGSSBLH Android TV LED Wi-Fi 2 HDMI 2 USB
2025-11-26,949.0,,"Smart TV LED 32"" Philco PTV32G7 Roku TV Dolby Audio 2 HDMI 1 USB - Prata"
2025-11-26,32.36,,Kit 3 Cestos Organizadores de Bambu Multiuso com Forro
2025-11-26,645.99,,Armário de Cozinha Compacta Rustic/Preto Emilly Pop Madesa XA
2025-11-26,671.49,,Conjunto Sala de Jantar Mesa Tampo de Madeira 6 Cadeiras Rustic/Crema/Bege Jaíne Madesa
2025-11-26,43.9,,Jogo De Frigideiras Francesas 3 Peças 14 18 24cm Preto Nacional
2025-11-26,297.23,,Conjunto de Gabinete Banheiro 80cm com Cuba e Espelheira -
2025-11-26,1499.99,,"Smart TV 43"" LED AIWA BL-02-A 2 HDMI 2 USB Processador Quad Core - Preto"
2025-11-26,949.0,,Smart TV 32” Philco PTV32G23AGSSBLH Android TV LED Wi-Fi 2 HDMI 2 USB
2025-11-26,949.0,,"Smart TV LED 32"" Philco PTV32G7 Roku TV Dolby Audio 2 HDMI 1 USB - Prata"
2025-11-26,32.36,,Kit 3 Cestos Organizadores de Bambu Multiuso com Forro
2025-11-26,645.99,,Armário de Cozinha Compacta Rustic/Preto Emilly Pop Madesa XA
2025-11-26,671.49,,Conjunto Sala de Jantar Mesa Tampo de Madeira 6 Cadeiras Rustic/Crema/Bege Jaíne Madesa
2025-11-26,43.9,,Jogo De Frigideiras Francesas 3 Peças 14 18 24cm Preto Nacional
2025-11-26,297.23,,Conjunto de Gabinete Banheiro 80cm com Cuba e Espelheira -
2025-11-26,1499.99,,"Smart TV 43"" LED AIWA BL-02-A 2 HDMI 2 USB Processador Quad Core - Preto"
2025-11-26,949.0,,Smart TV 32” Philco PTV32G23AGSSBLH Android TV LED Wi-Fi 2 HDMI 2 USB
2025-11-26,949.0,,"Smart TV LED 32"" Philco PTV32G7 Roku TV Dolby Audio 2 HDMI 1 USB - Prata"
2025-11-26,32.36,,Kit 3 Cestos Organizadores de Bambu Multiuso com Forro
2025-11-26,645.99,,Armário de Cozinha Compacta Rustic/Preto Emilly Pop Madesa XA
2025-11-26,671.49,,Conjunto Sala de Jantar Mesa Tampo de Madeira 6 Cadeiras Rustic/Crema/Bege Jaíne Madesa
2025-11-26,43.9,,Jogo De Frigideiras Francesas 3 Peças 14 18 24cm Preto Nacional
2025-11-26,297.23,,Conjunto de Gabinete Banheiro 80cm com Cuba e Espelheira -
2025-11-26,1499.99,,"Smart TV 43"" LED AIWA BL-02-A 2 HDMI 2 USB Processador Quad Core - Preto"
2025-11-26,949.0,,Smart TV 32” Philco PTV32G23AGSSBLH Android TV LED Wi-Fi 2 HDMI 2 USB
2025-11-26,949.0,,"Smart TV LED 32"" Philco PTV32G7 Roku TV Dolby Audio 2 HDMI 1 USB - Prata"
2025-11-26,32.36,,Kit 3 Cestos Organizadores de Bambu Multiuso com Forro
2025-11-26,645.99,,Armário de Cozinha Compacta Rustic/Preto Emilly Pop Madesa XA
2025-11-26,671.49,,Conjunto Sala de Jantar Mesa Tampo de Madeira 6 Cadeiras Rustic/Crema/Bege Jaíne Madesa
2025-11-26,43.9,,Jogo De Frigideiras Francesas 3 Peças 14 18 24cm Preto Nacional
2025-11-26,297.23,,Conjunto de Gabinete Banheiro 80cm com Cuba e Espelheira -
2025-11-26,1499.99,,"Smart TV 43"" LED AIWA BL-02-A 2 HDMI 2 USB Processador Quad Core - Preto"
2025-11-26,949.0,,Smart TV 32” Philco PTV32G23AGSSBLH Android TV LED Wi-Fi 2 HDMI 2 USB
2025-11-26,949.0,,"Smart TV LED 32"" Philco PTV32G7 Roku TV Dolby Audio 2 HDMI 1 USB - Prata"
2025-11-26,32.36,,Kit 3 Cestos Organizadores de Bambu Multiuso com Forro
2025-11-26,645.99,,Armário de Cozinha Compacta Rustic/Preto Emilly Pop Madesa XA
2025-11-26,671.49,,Conjunto Sala de Jantar Mesa Tampo de Madeira 6 Cadeiras Rustic/Crema/Bege Jaíne Madesa
2025-11-26,43.9,,Jogo De Frigideiras Francesas 3 Peças 14 18 24cm Preto Nacional
2025-11-26,297.23,,Conjunto de Gabinete Banheiro 80cm com Cuba e Espelheira -
2025-11-26,1299.0,,"Smartphone Samsung Galaxy A26 5G 256GB 8GB RAM Câmera 50MP IP67 Tela Super AMOLED 6.7"" Preto"
2025-11-26,699.0,,Smartphone Motorola Moto G05 128GB 12GB RAM Boost Câmera 50MP AI Bateria de 5200 mAh Tela 6.7 - Cinza
2025-11-26,899.1,,"Smartphone Motorola Moto G35 5G 256GB Tela 6.7"" 1.000NITS 12GB RAM Boost Câmera 50MP Selfie 16MP - Coral"
2025-11-26,1169.99,,Smartphone Motorola Moto G56 5G 256GB 24GB (8GB RAM+16GB Ram Boost) e 50MP Sony Lytia 600 AI Câmera Ultrarresistência Militar IP68 + IP69 - Grafite
2025-11-26,599.0,,"Smartphone Samsung Galaxy A07 128GB 4GB Câmera 50MP Tela 6.7"" Proteção IP54 - Preto"
2025-11-26,1708.2,,"Smartphone Motorola Edge 60 Fusion 5G - Cinza, 256GB, 24GB (8GB RAM + 16GB Ram Boost), Câmera 50MP e Tela de 6,7"""
2025-11-26,1671.12,,Smartphone Xiaomi POCO M7 PRO 5G / NFC / 256GB 16GB RAMBOOST / LANÇAMENTO 2025 / Câmera Ѕопу 50MP OIS / FHD Plus Amoled 120Hz Celular Premium Design - РОСО
2025-11-26,2848.95,,"Celular Samsung Galaxy S24, 256GB, 8GB de RAM, Tela de 6.2"", Galaxy AI"
2025-11-26,999.0,,"Smartphone Samsung Galaxy A16 128GB Verde Claro 5G 4GB RAM 6,7"" FHD+ Câm Tripla até 50MP + Selfie 13MP Bateria 5000mAh"
2025-11-26,949.0,,"Smart TV LED 32"" Philco PTV32G7 Roku TV Dolby Audio 2 HDMI 1 USB - Prata"
2025-11-26,1499.99,,"Smart TV 43"" LED AIWA BL-02-A 2 HDMI 2 USB Processador Quad Core - Preto"
2025-11-26,949.0,,Smart TV 32” Philco PTV32G23AGSSBLH Android TV LED Wi-Fi 2 HDMI 2 USB
2025-11-26,699.0,,Smartphone Motorola Moto G05 128GB 12GB RAM Boost Câmera 50MP AI Bateria de 5200 mAh Tela 6.7 - Cinza
2025-11-26,1708.2,,"Smartphone Motorola Edge 60 Fusion 5G - Cinza, 256GB, 24GB (8GB RAM + 16GB Ram Boost), Câmera 50MP e Tela de 6,7"""
2025-11-26,1671.12,,Smartphone Xiaomi POCO M7 PRO 5G / NFC / 256GB 16GB RAMBOOST / LANÇAMENTO 2025 / Câmera Ѕопу 50MP OIS / FHD Plus Amoled 120Hz Celular Premium Design - РОСО
2025-11-26,2848.95,,"Celular Samsung Galaxy S24, 256GB, 8GB de RAM, Tela de 6.2"", Galaxy AI"
2025-11-26,999.0,,"Smartphone Samsung Galaxy A16 128GB Verde Claro 5G 4GB RAM 6,7"" FHD+ Câm Tripla até 50MP + Selfie 13MP Bateria 5000mAh"
2025-11-26,1708.2,,"Smartphone Motorola Edge 60 Fusion 5G - Cinza, 256GB, 24GB (8GB RAM + 16GB Ram Boost), Câmera 50MP e Tela de 6,7"""
2025-11-26,1671.12,,Smartphone Xiaomi POCO M7 PRO 5G / NFC / 256GB 16GB RAMBOOST / LANÇAMENTO 2025 / Câmera Ѕопу 50MP OIS / FHD Plus Amoled 120Hz Celular Premium Design - РОСО
2025-11-26,2848.95,,"Celular Samsung Galaxy S24, 256GB, 8GB de RAM, Tela de 6.2"", Galaxy AI"
2025-11-26,999.0,,"Smartphone Samsung Galaxy A16 128GB Verde Claro 5G 4GB RAM 6,7"" FHD+ Câm Tripla até 50MP + Selfie 13MP Bateria 5000mAh"
2025-11-26,1708.2,,"Smartphone Motorola Edge 60 Fusion 5G - Cinza, 256GB, 24GB (8GB RAM + 16GB Ram Boost), Câmera 50MP e Tela de 6,7"""
2025-11-26,1899.0,,Smartphone Motorola Edge 60 Fusion 5G 256GB 16GB (8GB RAM+8GB Ram Boost) 50MP Sony AI Camera IP68 NFC
2025-11-26,1671.12,,Smartphone Xiaomi POCO M7 PRO 5G / NFC / 256GB 16GB RAMBOOST / LANÇAMENTO 2025 / Câmera Ѕопу 50MP OIS / FHD Plus Amoled 120Hz Celular Premium Design - РОСО
2025-11-26,2848.95,,"Celular Samsung Galaxy S24, 256GB, 8GB de RAM, Tela de 6.2"", Galaxy AI"
2025-11-26,999.0,,"Smartphone Samsung Galaxy A16 128GB Verde Claro 5G 4GB RAM 6,7"" FHD+ Câm Tripla até 50MP + Selfie 13MP Bateria 5000mAh"
2025-11-26,1708.2,,"Smartphone Motorola Edge 60 Fusion 5G - Cinza, 256GB, 24GB (8GB RAM + 16GB Ram Boost), Câmera 50MP e Tela de 6,7"""
2025-11-26,1899.0,,Smartphone Motorola Edge 60 Fusion 5G 256GB 16GB (8GB RAM+8GB Ram Boost) 50MP Sony AI Camera IP68 NFC
2025-11-26,1671.12,,Smartphone Xiaomi POCO M7 PRO 5G / NFC / 256GB 16GB RAMBOOST / LANÇAMENTO 2025 / Câmera Ѕопу 50MP OIS / FHD Plus Amoled 120Hz Celular Premium Design - РОСО
2025-11-26,2848.95,,"Celular Samsung Galaxy S24, 256GB, 8GB de RAM, Tela de 6.2"", Galaxy AI"
2025-11-26,999.0,,"Smartphone Samsung Galaxy A16 128GB Verde Claro 5G 4GB RAM 6,7"" FHD+ Câm Tripla até 50MP + Selfie 13MP Bateria 5000mAh"
2025-11-26,1708.2,,"Smartphone Motorola Edge 60 Fusion 5G - Cinza, 256GB, 24GB (8GB RAM + 16GB Ram Boost), Câmera 50MP e Tela de 6,7"""
2025-11-26,1899.0,,Smartphone Motorola Edge 60 Fusion 5G 256GB 16GB (8GB RAM+8GB Ram Boost) 50MP Sony AI Camera IP68 NFC
2025-11-26,1671.12,,Smartphone Xiaomi POCO M7 PRO 5G / NFC / 256GB 16GB RAMBOOST / LANÇAMENTO 2025 / Câmera Ѕопу 50MP OIS / FHD Plus Amoled 120Hz Celular Premium Design - РОСО
2025-11-26,2848.95,,"Celular Samsung Galaxy S24, 256GB, 8GB de RAM, Tela de 6.2"", Galaxy AI"
2025-11-26,999.0,,"Smartphone Samsung Galaxy A16 128GB Verde Claro 5G 4GB RAM 6,7"" FHD+ Câm Tripla até 50MP + Selfie 13MP Bateria 5000mAh"
2025-11-26,999.0,,"Smartphone Samsung Galaxy A16 128GB Verde Claro 5G 4GB RAM 6,7"" FHD+ Câm Tripla até 50MP + Selfie 13MP Bateria 5000mAh"
2025-11-26,999.0,,"Smartphone Samsung Galaxy A16 128GB Verde Claro 5G 4GB RAM 6,7"" FHD+ Câm Tripla até 50MP + Selfie 13MP Bateria 5000mAh"
2025-11-26,3598.0,,"Apple iPhone 14 128GB Estelar 6,1” 12MP iOS 5G"
2025-11-26,3499.0,,"Smartphone Samsung Galaxy Z Flip7 FE 128GB Preto 5G 8GB RAM Tela 6,7"" Câm. Dupla de 50MP Galaxy AI"
2025-11-26,949.0,,Smart TV 32” Philco PTV32G23AGSSBLH Android TV LED Wi-Fi 2 HDMI 2 USB
2025-11-26,1499.99,,"Smart TV 43"" LED AIWA BL-02-A 2 HDMI 2 USB Processador Quad Core - Preto"
2025-11-26,949.0,,"Smart TV LED 32"" Philco PTV32G7 Roku TV Dolby Audio 2 HDMI 1 USB - Prata"
2025-11-26,899.1,,"Smartphone Motorola Moto G35 5G 256GB Tela 6.7"" 1.000NITS 12GB RAM Boost Câmera 50MP Selfie 16MP - Coral"
2025-11-26,1169.99,,Smartphone Motorola Moto G56 5G 256GB 24GB (8GB RAM+16GB Ram Boost) e 50MP Sony Lytia 600 AI Câmera Ultrarresistência Militar IP68 + IP69 - Grafite
2025-11-26,1329.05,,Guarda-roupa Casal com Espelho 3 Portas de Correr 6 Gavetas Demóbile Londres
2025-11-26,1044.05,,Quarto de Bebê Completo com Guarda-roupa Berço e Cômoda Henn Labirinto Rústico e Branco
2025-11-26,246.99,,Escrivaninha 2 Gavetas Politorno Office Lindóia
2025-11-26,1044.05,,Guarda-roupa Casal com Espelho 6 Portas 4 Gavetas Araplac Braga
2025-11-26,1329.05,,Guarda-roupa Casal com Espelho 4 Gavetas 2 Portas de Correr Araplac Benfica
2025-11-26,1899.05,,Lavadora de Roupas Electrolux 15kg Cesto Inox 11 Programas de Lavagem Branco Premium Care LEC15
2025-11-26,557.07,,Micro-ondas Panasonic 21L NN-ST25L Branco
2025-11-26,1329.05,,Guarda-roupa Casal com Espelho 3 Portas de Correr 6 Gavetas Demóbile Londres
2025-11-26,1044.05,,Quarto de Bebê Completo com Guarda-roupa Berço e Cômoda Henn Labirinto Rústico e Branco
2025-11-26,246.99,,Escrivaninha 2 Gavetas Politorno Office Lindóia
2025-11-26,1044.05,,Guarda-roupa Casal com Espelho 6 Portas 4 Gavetas Araplac Braga
2025-11-26,1329.05,,Guarda-roupa Casal com Espelho 4 Gavetas 2 Portas de Correr Araplac Benfica
2025-11-26,1899.05,,Lavadora de Roupas Electrolux 15kg Cesto Inox 11 Programas de Lavagem Branco Premium Care LEC15
2025-11-26,557.07,,Micro-ondas Panasonic 21L NN-ST25L Branco
2025-11-26,845.48,,Micro-ondas Electrolux 36L Prata e Preto Espelhado Efficient ME36S
2025-11-26,2789.1,,Freezer Horizontal Consul 1 Porta 309L CHA31FBANA
2025-11-26,3790.5,,Geladeira/Refrigerador Electrolux Frost Free - Inverse Cinza 490L IB7S
2025-11-26,2849.05,,"Smart TV 55"" Samsung Ultra 4K QLED QN55Q7FAAGXZD Tizen Q4 AI 3 HDMI"
2025-11-26,135.76,,Aparelho de Karaokê DVD Player Mondial D-20
2025-11-26,399.0,,Microsoft 365 Personal Office 365 apps 1TB - 1 Usuário Assinatura Anual
2025-11-26,749.9,,"Monitor Gamer AOC 27"" Full HD 180Hz Gaming G4 27G4/P HDMI DisplayPort Base Ajustável"
2025-11-26,53.35,,Garrafa de Tinta Epson EcoTank T504 Amarelo Original Refil
2025-11-26,999.0,,"Smartphone Samsung Galaxy A16 128GB Verde Claro 5G 4GB RAM 6,7"" FHD+ Câm Tripla até 50MP + Selfie 13MP Bateria 5000mAh"
2025-11-26,3598.0,,"Apple iPhone 14 128GB Estelar 6,1” 12MP iOS 5G"
2025-11-26,3499.0,,"Smartphone Samsung Galaxy Z Flip7 FE 128GB Preto 5G 8GB RAM Tela 6,7"" Câm. Dupla de 50MP Galaxy AI"
2025-11-27,1329.05,,Guarda-roupa Casal com Espelho 3 Portas de Correr 6 Gavetas Demóbile Londres
2025-11-27,1044.05,,Quarto de Bebê Completo com Guarda-roupa Berço e Cômoda Henn Labirinto Rústico e Branco
2025-11-27,246.99,,Escrivaninha 2 Gavetas Politorno Office Lindóia
2025-11-27,1044.05,,Guarda-roupa Casal com Espelho 6 Portas 4 Gavetas Araplac Braga
2025-11-27,1329.05,,Guarda-roupa Casal com Espelho 4 Gavetas 2 Portas de Correr Araplac Benfica
2025-11-27,1899.05,,Lavadora de Roupas Electrolux 15kg Cesto Inox 11 Programas de Lavagem Branco Premium Care LEC15
2025-11-27,557.07,,Micro-ondas Panasonic 21L NN-ST25L Branco
2025-11-27,1329.05,,Guarda-roupa Casal com Espelho 3 Portas de Correr 6 Gavetas Demóbile Londres
2025-11-27,1044.05,,Quarto de Bebê Completo com Guarda-roupa Berço e Cômoda Henn Labirinto Rústico e Branco
2025-11-27,246.99,,Escrivaninha 2 Gavetas Politorno Office Lindóia
2025-11-27,1044.05,,Guarda-roupa Casal com Espelho 6 Portas 4 Gavetas Araplac Braga
2025-11-27,1329.05,,Guarda-roupa Casal com Espelho 4 Gavetas 2 Portas de Correr Araplac Benfica
2025-11-27,1899.05,,Lavadora de Roupas Electrolux 15kg Cesto Inox 11 Programas de Lavagem Branco Premium Care LEC15
2025-11-27,557.07,,Micro-ondas Panasonic 21L NN-ST25L Branco
2025-11-27,2789.1,,Freezer Horizontal Consul 1 Porta 309L CHA31FBANA
2025-11-27,3790.5,,Geladeira/Refrigerador Electrolux Frost Free - Inverse Cinza 490L IB7S
2025-11-27,1329.05,,Guarda-roupa Casal com Espelho 3 Portas de Correr 6 Gavetas Demóbile Londres
2025-11-27,1044.05,,Quarto de Bebê Completo com Guarda-roupa Berço e Cômoda Henn Labirinto Rústico e Branco
2025-11-27,246.99,,Escrivaninha 2 Gavetas Politorno Office Lindóia
2025-11-27,1044.05,,Guarda-roupa Casal com Espelho 6 Portas 4 Gavetas Araplac Braga
2025-11-27,1329.05,,Guarda-roupa Casal com Espelho 4 Gavetas 2 Portas de Correr Araplac Benfica
2025-11-27,1329.05,,Guarda-roupa Casal com Espelho 3 Portas de Correr 6 Gavetas Demóbile Londres
2025-11-27,1044.05,,Quarto de Bebê Completo com Guarda-roupa Berço e Cômoda Henn Labirinto Rústico e Branco
2025-11-27,246.99,,Escrivaninha 2 Gavetas Politorno Office Lindóia
2025-11-27,1044.05,,Guarda-roupa Casal com Espelho 6 Portas 4 Gavetas Araplac Braga
2025-11-27,1329.05,,Guarda-roupa Casal com Espelho 4 Gavetas 2 Portas de Correr Araplac Benfica
2025-11-27,1899.05,,Lavadora de Roupas Electrolux 15kg Cesto Inox 11 Programas de Lavagem Branco Premium Care LEC15
2025-11-27,557.07,,Micro-ondas Panasonic 21L NN-ST25L Branco
2025-11-27,1329.05,,Guarda-roupa Casal com Espelho 3 Portas de Correr 6 Gavetas Demóbile Londres
2025-11-27,1044.05,,Quarto de Bebê Completo com Guarda-roupa Berço e Cômoda Henn Labirinto Rústico e Branco
2025-11-27,246.99,,Escrivaninha 2 Gavetas Politorno Office Lindóia
2025-11-27,1044.05,,Guarda-roupa Casal com Espelho 6 Portas 4 Gavetas Araplac Braga
2025-11-27,1329.05,,Guarda-roupa Casal com Espelho 4 Gavetas 2 Portas de Correr Araplac Benfica
2025-11-27,1899.05,,Lavadora de Roupas Electrolux 15kg Cesto Inox 11 Programas de Lavagem Branco Premium Care LEC15
2025-11-27,557.07,,Micro-ondas Panasonic 21L NN-ST25L Branco
2025-11-27,2789.1,,Freezer Horizontal Consul 1 Porta 309L CHA31FBANA
2025-11-27,1329.05,,Guarda-roupa Casal com Espelho 3 Portas de Correr 6 Gavetas Demóbile Londres
2025-11-27,1044.05,,Quarto de Bebê Completo com Guarda-roupa Berço e Cômoda Henn Labirinto Rústico e Branco
2025-11-27,246.99,,Escrivaninha 2 Gavetas Politorno Office Lindóia
2025-11-27,1044.05,,Guarda-roupa Casal com Espelho 6 Portas 4 Gavetas Araplac Braga
2025-11-27,1329.05,,Guarda-roupa Casal com Espelho 4 Gavetas 2 Portas de Correr Araplac Benfica
2025-11-27,1899.05,,Lavadora de Roupas Electrolux 15kg Cesto Inox 11 Programas de Lavagem Branco Premium Care LEC15
2025-11-27,557.07,,Micro-ondas Panasonic 21L NN-ST25L Branco
2025-11-27,845.48,,Micro-ondas Electrolux 36L Prata e Preto Espelhado Efficient ME36S
2025-11-27,2944.05,,Freezer Horizontal Consul 1 Porta 309L CHA31FBANA
2025-11-27,3790.5,,Geladeira/Refrigerador Electrolux Frost Free - Inverse Cinza 490L IB7S
2025-11-27,2849.05,,"Smart TV 55"" Samsung Ultra 4K QLED QN55Q7FAAGXZD Tizen Q4 AI 3 HDMI"
2025-11-27,142.9,,Aparelho de Karaokê DVD Player Mondial D-20
2025-11-27,399.0,,Microsoft 365 Personal Office 365 apps 1TB - 1 Usuário Assinatura Anual
2025-11-27,749.9,,"Monitor Gamer AOC 27"" Full HD 180Hz Gaming G4 27G4/P HDMI DisplayPort Base Ajustável"
2025-11-27,53.35,,Garrafa de Tinta Epson EcoTank T504 Amarelo Original Refil
2025-11-27,301.9,,Armário Lavanderia 2 Portas com Espaço para Vassouras Multiuso com Rodinhas Móveis Bonatto
2025-11-27,455.91,,Cama Infantil Montessoriana em MDF Aconchego Para Quarto De Criança Com Colchão e Nicho - Maxi Do Brasil
2025-11-27,1329.05,,Guarda-roupa Casal com Espelho 3 Portas de Correr 6 Gavetas Demóbile Londres
2025-11-27,1044.05,,Quarto de Bebê Completo com Guarda-roupa Berço e Cômoda Henn Labirinto Rústico e Branco
2025-11-27,246.99,,Escrivaninha 2 Gavetas Politorno Office Lindóia
2025-11-27,409.0,,Forno Elétrico Philco 50L PFE52P Dupla Resistência
2025-11-27,1899.05,,Lavadora de Roupas Electrolux 15kg Cesto Inox 11 Programas de Lavagem Branco Premium Care LEC15
2025-11-27,557.07,,Micro-ondas Panasonic 21L NN-ST25L Branco
2025-11-27,1688.13,,Smartphone Motorola Edge 60 Fusion 5G 256GB 16GB (8GB RAM+8GB Ram Boost) 50MP Sony AI Camera IP68 NFC
2025-11-27,1671.12,,Smartphone Xiaomi POCO M7 PRO 5G / NFC / 256GB 16GB RAMBOOST / LANÇAMENTO 2025 / Câmera Ѕопу 50MP OIS / FHD Plus Amoled 120Hz Celular Premium Design - РОСО
2025-11-27,999.0,,"Smartphone Samsung Galaxy A16 128GB Verde Claro 5G 4GB RAM 6,7"" FHD+ Câm Tripla até 50MP + Selfie 13MP Bateria 5000mAh"
2025-11-27,3598.0,,"Apple iPhone 14 128GB Estelar 6,1” 12MP iOS 5G"
2025-11-27,1257.78,,Smartphone Celular Xiaomi Redmi Note 14 Lançamento 256GB 8GB Câmera 108MP 20MP Tela 6.67 AMOLED 120Hz FHD plus Design Premium Dual SIM Chip
2025-11-27,265.05,,Aspirador de Pó e Água Electrolux 1400W Acqua Power Preto e Amarelo AQP20
2025-11-27,179.9,,Aspirador de Pó Vertical WAP Silent Speed Max 1350W 220V
2025-11-27,123.41,,Aspirador de Pó Vertical Karcher Stick 2 em 1 com Filtro HEPA 1000W Branco
2025-11-27,259.9,,Aspirador de Pó Vertical com Fio Electrolux 1600W 2 em 1 Bocal Multi-Clean Azul (STK17)
2025-11-27,417.91,,"Air Fryer Electrolux Family Efficient EAF50 Grafite 6,5L com Timer"
2025-11-27,399.0,,Forno Elétrico 50 Litros Philco PFE52P Preto 220V
2025-11-27,409.0,,Forno Elétrico Philco 50L PFE52P Dupla Resistência
2025-11-27,1899.05,,Lavadora de Roupas Electrolux 15kg Cesto Inox 11 Programas de Lavagem Branco Premium Care LEC15
2025-11-27,557.07,,Micro-ondas Panasonic 21L NN-ST25L Branco
2025-11-27,2944.05,,Freezer Horizontal Consul 1 Porta 309L CHA31FBANA
2025-11-27,2099.0,,"Notebook ASUS Vivobook 15 X1504VA Intel Core i5 1334U 4GB Ram 256Gb SSD Linux KeepOS Tela 15,6"" LED FHD Silver - NJ1726"
2025-11-27,4229.1,,"Notebook Gamer Acer Nitro V15 Intel Core i5 512GB SSD 16GB RAM 15,6"" Full HD 144Hz IPS RTX 3050 6GB ANV15-51-582R"
2025-11-27,1143.12,,"Notebook 2 em 1 Positivo Duo C4128B-3 Intel Celeron Windows 11 Home 11,6"" - Cinza Escuro - Inclui Microsoft 365*"
2025-11-27,2424.3,,"Notebook Asus Vivobook Go 15, Intel Core i3-N305, 8GB/512 SSD W11 Home Tela 15.6"" FHD, Cool Silver - E1504GA-NJ435W"
2025-11-27,2564.1,,"Notebook Lenovo IdeaPad 1i Intel Core i5 - 8GB RAM SSD 512GB Windows 11 15,6” 15IAU7"
2025-11-27,9.49,,Controle Tv Remoto Philco Smart Todas Prime Video Netlix Globoplay - Mb
2025-11-27,19.88,,Controle Remoto Smart Tv 4k Compatível Com Samsung - Sky
2025-11-27,1639.0,,Smart TV AOC 50 DLED Roku 4K WiFi HDR 50U704578G
2025-11-27,57.73,,Antena Interna Para Tv Digital Amplificada 1080 Hdtv Cabo 3m - Lelong
2025-11-27,1159.0,,"Smart TV HQ 43"" Full HD Tela Sem bordas Sistema Android Design Slim HQS43NKHM"
2025-11-27,749.9,,"Monitor Gamer AOC 27"" Full HD 180Hz Gaming G4 27G4/P HDMI DisplayPort Base Ajustável"
2025-11-27,29.69,,Mouse Sem Fio 2.4 ghz Optico Recarregável Gamer USB Led Rgb Wirelles Usb Notebook - OPEN ZEE
2025-11-27,4229.1,,"Notebook Gamer Acer Nitro V15 Intel Core i5 512GB SSD 16GB RAM 15,6"" Full HD 144Hz IPS RTX 3050 6GB ANV15-51-582R"
2025-11-27,1784.99,,"Monitor Gamer Curvo LG UltraGear 34"", 2K WQHD, UltraWide, 160Hz, 1ms, FreeSync Premium, HDR10, Som Integrado - 34GP63A-B"
2025-11-27,1317.5,,"Computador PC Gamer Completo TOB Intel Core i5 SSD 480GB 16GB Teclado Mouse Mouse Pad e Headset Gamer Monitor 23"" Windows 10 Pro Trial - TOB COMPUTERS"
2025-11-27,399.0,,Controle Sem Fio PS5 DualSense Midnight Black Original Sony Preto
2025-11-27,46.84,,Controle Sem Fio Compatível Para Ps3 Pc Joystick Manete Cor Preto Mais Cabo de Carregamento - Doubleshock
2025-11-27,464.07,,"Controle Sony DualSense PS5, Sem Fio, Branco - 3005767"
2025-11-27,55.09,,Controle Video Game Xbx 360 Com Fio Joystick E Pc - Pah
2025-11-27,3149.1,,Xbox Series S 2021 512GB SSD 1 Controle Branco Microsoft
2025-11-27,1688.13,,Smartphone Motorola Edge 60 Fusion 5G 256GB 16GB (8GB RAM+8GB Ram Boost) 50MP Sony AI Camera IP68 NFC
2025-11-27,1671.12,,Smartphone Xiaomi POCO M7 PRO 5G / NFC / 256GB 16GB RAMBOOST / LANÇAMENTO 2025 / Câmera Ѕопу 50MP OIS / FHD Plus Amoled 120Hz Celular Premium Design - РОСО
2025-11-27,999.0,,"Smartphone Samsung Galaxy A16 128GB Verde Claro 5G 4GB RAM 6,7"" FHD+ Câm Tripla até 50MP + Selfie 13MP Bateria 5000mAh"
2025-11-27,3598.0,,"Apple iPhone 14 128GB Estelar 6,1” 12MP iOS 5G"
2025-11-27,1051.99,,Smartphone Xiaomi Redmi Note 14 8GB 256GB
2025-11-27,1688.13,,Smartphone Motorola Edge 60 Fusion 5G 256GB 16GB (8GB RAM+8GB Ram Boost) 50MP Sony AI Camera IP68 NFC
2025-11-27,599.0,,"Smartphone Samsung Galaxy A06 128GB 4GB RAM Azul Escuro 6,7"" Câm. Dupla + Selfie 8MP"
2025-11-27,2699.0,,"Smartphone Samsung Galaxy S24 6,2"" Galaxy AI 256GB Violeta 5G 8GB RAM Câm. Tripla 50MP + Selfie 12MP Bateria 4000mAh Dual Chip"
2025-11-27,3598.0,,"Apple iPhone 14 128GB Estelar 6,1” 12MP iOS 5G"
2025-11-27,1142.01,,Smartphone Xiaomi Redmi Note 14 8GB 256GB
2025-11-27,199.0,,Aspirador de Pó e Água Electrolux 1400W Acqua Power Preto e Amarelo AQP20
2025-11-27,179.9,,Aspirador de Pó Vertical WAP Silent Speed Max 1350W 220V
2025-11-27,123.41,,Aspirador de Pó Vertical Karcher Stick 2 em 1 com Filtro HEPA 1000W Branco
2025-11-27,246.91,,Aspirador de Pó Vertical com Fio Electrolux 1600W 2 em 1 Bocal Multi-Clean Azul (STK17)
2025-11-27,417.91,,"Air Fryer Electrolux Family Efficient EAF50 Grafite 6,5L com Timer"
2025-11-27,399.0,,Forno Elétrico 50 Litros Philco PFE52P Preto 220V
2025-11-27,409.0,,Forno Elétrico Philco 50L PFE52P Dupla Resistência
2025-11-27,1899.05,,Lavadora de Roupas Electrolux 15kg Cesto Inox 11 Programas de Lavagem Branco Premium Care LEC15
2025-11-27,509.0,,Microondas Panasonic Tecnologia Antibactéria AG 21L Branco - NN-ST25LWRU
2025-11-27,557.07,,Micro-ondas Panasonic 21L NN-ST25L Branco
2025-11-27,2039.15,,"Notebook ASUS Vivobook 15 X1504VA Intel Core i5 1334U 4GB Ram 256Gb SSD Linux KeepOS Tela 15,6"" LED FHD Silver - NJ1726"
2025-11-27,4229.1,,"Notebook Gamer Acer Nitro V15 Intel Core i5 512GB SSD 16GB RAM 15,6"" Full HD 144Hz IPS RTX 3050 6GB ANV15-51-582R"
2025-11-27,1143.12,,"Notebook 2 em 1 Positivo Duo C4128B-3 Intel Celeron Windows 11 Home 11,6"" - Cinza Escuro - Inclui Microsoft 365*"
2025-11-27,1304.1,,Notebook Positivo Vision C14 Intel Celeron Linux 8GB RAM 256GB eMMC 14.1” LED HD Lumina BAR - Cinza
2025-11-27,2202.85,,"Notebook Asus Vivobook Go 15, Intel Core i3-N305, 8GB/512 SSD W11 Home Tela 15.6"" FHD, Cool Silver - E1504GA-NJ435W"
2025-11-27,301.9,,Armário Lavanderia 2 Portas com Espaço para Vassouras Multiuso com Rodinhas Móveis Bonatto
2025-11-27,455.91,,Cama Infantil Montessoriana em MDF Aconchego Para Quarto De Criança Com Colchão e Nicho - Maxi Do Brasil
2025-11-27,1329.05,,Guarda-roupa Casal com Espelho 3 Portas de Correr 6 Gavetas Demóbile Londres
2025-11-27,1044.05,,Quarto de Bebê Completo com Guarda-roupa Berço e Cômoda Henn Labirinto Rústico e Branco
2025-11-27,841.49,,Guarda Roupa Casal Madesa Mônaco 3 Portas de Correr com Espelho
2025-11-27,27.51,,Fone De Ouvido S/fio Bluetooth Garantia Original Nota Fiscal - 01Smart
2025-11-27,28.41,,Fone De Ouvido Sem Fio Bluetooth F9-5 Touch Display Led - TWS
2025-11-27,294.3,,Caixa de Som Amplificada Bluetooth Vivensis Vibe Sound V8 Power 340W USB
2025-11-27,61.62,,Fone De Ouvido Sem Fio Bluetooth Touch TWS + Smartwach Y8
2025-11-27,24.85,,Fone de Ouvido Com Fio Tipo C Estéreo Microfone Controle USB-C - Altomex
2025-11-27,29.69,,Mouse Sem Fio 2.4 ghz Optico Recarregável Gamer USB Led Rgb Wirelles Usb Notebook - OPEN ZEE
2025-11-27,27.89,,Mouse Optico Sem Fio Recarregável USB Led Rgb Wirelles Usb Note - Prime
2025-11-27,109.99,,"SSD Adata SU650, SATA, 240GB, 2.5"", Leitura: 520MB/s e Gravação: 450MB/s, Preto - ASU650SS-240GT-R"
2025-11-27,23.92,,Mouse Sem Fio Recarregável Wireles Optico Led Rgb Ergonômico - ONYONSTORE
2025-11-27,102.99,,"SSD Rise Mode Gamer Line, 240GB, SATA III, Leitura: 530MB/s, Gravação: 520MB/s, Preto - RM-SSD-240"
2025-11-27,359.91,,Pneu Aro 16 205/60R16 92H RU042 A/T Aptany
2025-11-27,26.98,,Restaurax Vonixx Renovador de Plásticos com Proteção e Brilho Duradouro
2025-11-27,51.45,,Rádio Mp3 1 Din Player Som Automotivo de Carro 2 Usb Sd Auxiliar Bluetooth Universal - First Option
2025-11-27,87.39,,Calibrador Compressor Digital Portátil Pneu Carro Bike S/Fio - Jodi
2025-11-27,484.41,,Pneu Aro 15” 185/65R15 Goodyear 88H
2025-11-27,9.49,,Controle Tv Remoto Philco Smart Todas Prime Video Netlix Globoplay - Mb
2025-11-27,19.88,,Controle Remoto Smart Tv 4k Compatível Com Samsung - Sky
2025-11-27,1639.0,,Smart TV AOC 50 DLED Roku 4K WiFi HDR 50U704578G
2025-11-27,57.73,,Antena Interna Para Tv Digital Amplificada 1080 Hdtv Cabo 3m - Lelong
2025-11-27,1159.0,,"Smart TV HQ 43"" Full HD Tela Sem bordas Sistema Android Design Slim HQS43NKHM"
2025-11-27,749.9,,"Monitor Gamer AOC 27"" Full HD 180Hz Gaming G4 27G4/P HDMI DisplayPort Base Ajustável"
2025-11-27,29.69,,Mouse Sem Fio 2.4 ghz Optico Recarregável Gamer USB Led Rgb Wirelles Usb Notebook - OPEN ZEE
2025-11-27,4229.1,,"Notebook Gamer Acer Nitro V15 Intel Core i5 512GB SSD 16GB RAM 15,6"" Full HD 144Hz IPS RTX 3050 6GB ANV15-51-582R"
2025-11-27,1699.99,,"Monitor Gamer Curvo LG UltraGear 34"", 2K WQHD, UltraWide, 160Hz, 1ms, FreeSync Premium, HDR10, Som Integrado - 34GP63A-B"
2025-11-27,1317.5,,"Computador PC Gamer Completo TOB Intel Core i5 SSD 480GB 16GB Teclado Mouse Mouse Pad e Headset Gamer Monitor 23"" Windows 10 Pro Trial - TOB COMPUTERS"
2025-11-27,399.0,,Controle Sem Fio PS5 DualSense Midnight Black Original Sony Preto
2025-11-27,46.84,,Controle Sem Fio Compatível Para Ps3 Pc Joystick Manete Cor Preto Mais Cabo de Carregamento - Doubleshock
2025-11-27,464.07,,"Controle Sony DualSense PS5, Sem Fio, Branco - 3005767"
2025-11-27,55.09,,Controle Video Game Xbx 360 Com Fio Joystick E Pc - Pah
2025-11-27,464.07,,"Controle Sony DualSense PS5, Sem Fio, Midnight Black - 3006452"
2025-11-27,1688.13,,Smartphone Motorola Edge 60 Fusion 5G 256GB 16GB (8GB RAM+8GB Ram Boost) 50MP Sony AI Camera IP68 NFC
2025-11-27,599.0,,"Smartphone Samsung Galaxy A06 128GB 4GB RAM Azul Escuro 6,7"" Câm. Dupla + Selfie 8MP"
2025-11-27,2699.0,,"Smartphone Samsung Galaxy S24 6,2"" Galaxy AI 256GB Violeta 5G 8GB RAM Câm. Tripla 50MP + Selfie 12MP Bateria 4000mAh Dual Chip"
2025-11-27,3598.0,,"Apple iPhone 14 128GB Estelar 6,1” 12MP iOS 5G"
2025-11-27,1142.01,,Smartphone Xiaomi Redmi Note 14 8GB 256GB
2025-11-28,1688.13,,Smartphone Motorola Edge 60 Fusion 5G 256GB 16GB (8GB RAM+8GB Ram Boost) 50MP Sony AI Camera IP68 NFC
2025-11-28,2699.0,,"Smartphone Samsung Galaxy S24 6,2"" Galaxy AI 256GB Violeta 5G 8GB RAM Câm. Tripla 50MP + Selfie 12MP Bateria 4000mAh Dual Chip"
2025-11-28,999.0,,"Smartphone Samsung Galaxy A16 128GB Verde Claro 5G 4GB RAM 6,7"" FHD+ Câm Tripla até 50MP + Selfie 13MP Bateria 5000mAh"
2025-11-28,3598.0,,"Apple iPhone 14 128GB Estelar 6,1” 12MP iOS 5G"
2025-11-28,1257.78,,Smartphone Celular Xiaomi Redmi Note 14 Lançamento 256GB 8GB Câmera 108MP 20MP Tela 6.67 AMOLED 120Hz FHD plus Design Premium Dual SIM Chip
2025-11-28,199.0,,Aspirador de Pó e Água Electrolux 1400W Acqua Power Preto e Amarelo AQP20
2025-11-28,179.9,,Aspirador de Pó Vertical WAP Silent Speed Max 1350W 220V
2025-11-28,123.41,,Aspirador de Pó Vertical Karcher Stick 2 em 1 com Filtro HEPA 1000W Branco
2025-11-28,233.91,,Aspirador de Pó Vertical com Fio Electrolux 1600W 2 em 1 Bocal Multi-Clean Azul (STK17)
2025-11-28,417.91,,"Air Fryer Electrolux Family Efficient EAF50 Grafite 6,5L com Timer"
2025-11-28,409.0,,Forno Elétrico Philco 50L PFE52P Dupla Resistência
2025-11-28,1899.05,,Lavadora de Roupas Electrolux 15kg Cesto Inox 11 Programas de Lavagem Branco Premium Care LEC15
2025-11-28,557.07,,Micro-ondas Panasonic 21L NN-ST25L Branco
2025-11-28,845.48,,Micro-ondas Electrolux 36L Prata e Preto Espelhado Efficient ME36S
2025-11-28,1989.0,,Freezer Horizontal Consul 1 Porta 309L CHA31FBANA
2025-11-28,2039.15,,"Notebook ASUS Vivobook 15 X1504VA Intel Core i5 1334U 4GB Ram 256Gb SSD Linux KeepOS Tela 15,6"" LED FHD Silver - NJ1726"
2025-11-28,4229.1,,"Notebook Gamer Acer Nitro V15 Intel Core i5 512GB SSD 16GB RAM 15,6"" Full HD 144Hz IPS RTX 3050 6GB ANV15-51-582R"
2025-11-28,1143.12,,"Notebook 2 em 1 Positivo Duo C4128B-3 Intel Celeron Windows 11 Home 11,6"" - Cinza Escuro - Inclui Microsoft 365*"
2025-11-28,1304.1,,Notebook Positivo Vision C14 Intel Celeron Linux 8GB RAM 256GB eMMC 14.1” LED HD Lumina BAR - Cinza
2025-11-28,2202.85,,"Notebook Asus Vivobook Go 15, Intel Core i3-N305, 8GB/512 SSD W11 Home Tela 15.6"" FHD, Cool Silver - E1504GA-NJ435W"
2025-11-28,301.9,,Armário Lavanderia 2 Portas com Espaço para Vassouras Multiuso com Rodinhas Móveis Bonatto
2025-11-28,455.91,,Cama Infantil Montessoriana em MDF Aconchego Para Quarto De Criança Com Colchão e Nicho - Maxi Do Brasil
2025-11-28,1329.05,,Guarda-roupa Casal com Espelho 3 Portas de Correr 6 Gavetas Demóbile Londres
2025-11-28,1044.05,,Quarto de Bebê Completo com Guarda-roupa Berço e Cômoda Henn Labirinto Rústico e Branco
2025-11-28,246.99,,Escrivaninha 2 Gavetas Politorno Office Lindóia
2025-11-28,1044.05,,Soundbar Samsung HW-B550/ZD 2.1 Bluetooth com Subwoofer sem Fio 410W
2025-11-28,27.51,,Fone De Ouvido S/fio Bluetooth Garantia Original Nota Fiscal - 01Smart
2025-11-28,294.3,,Caixa de Som Amplificada Bluetooth Vivensis Vibe Sound V8 Power 340W USB
2025-11-28,28.41,,Fone De Ouvido Sem Fio Bluetooth F9-5 Touch Display Led - TWS
2025-11-28,61.62,,Fone De Ouvido Sem Fio Bluetooth Touch TWS + Smartwach Y8
2025-11-28,29.69,,Mouse Sem Fio 2.4 ghz Optico Recarregável Gamer USB Led Rgb Wirelles Usb Notebook - OPEN ZEE
2025-11-28,27.89,,Mouse Optico Sem Fio Recarregável USB Led Rgb Wirelles Usb Note - Prime
2025-11-28,109.99,,"SSD Adata SU650, SATA, 240GB, 2.5"", Leitura: 520MB/s e Gravação: 450MB/s, Preto - ASU650SS-240GT-R"
2025-11-28,23.92,,Mouse Sem Fio Recarregável Wireles Optico Led Rgb Ergonômico - ONYONSTORE
2025-11-28,102.99,,"SSD Rise Mode Gamer Line, 240GB, SATA III, Leitura: 530MB/s, Gravação: 520MB/s, Preto - RM-SSD-240"
2025-11-28,359.91,,Pneu Aro 16 205/60R16 92H RU042 A/T Aptany
2025-11-28,26.98,,Restaurax Vonixx Renovador de Plásticos com Proteção e Brilho Duradouro
2025-11-28,51.45,,Rádio Mp3 1 Din Player Som Automotivo de Carro 2 Usb Sd Auxiliar Bluetooth Universal - First Option
2025-11-28,85.49,,Calibrador Compressor Digital Portátil Pneu Carro Bike S/Fio - Jodi
2025-11-28,484.41,,Pneu Aro 15” 185/65R15 Goodyear 88H
2025-11-28,1688.13,,Smartphone Motorola Edge 60 Fusion 5G 256GB 16GB (8GB RAM+8GB Ram Boost) 50MP Sony AI Camera IP68 NFC
2025-11-28,1671.12,,Smartphone Xiaomi POCO M7 PRO 5G / NFC / 256GB 16GB RAMBOOST / LANÇAMENTO 2025 / Câmera Ѕопу 50MP OIS / FHD Plus Amoled 120Hz Celular Premium Design - РОСО
2025-11-28,1688.13,,Smartphone Motorola Edge 60 Fusion 5G 256GB 16GB (8GB RAM+8GB Ram Boost) 50MP Sony AI Camera IP68 NFC
2025-11-28,1671.12,,Smartphone Xiaomi POCO M7 PRO 5G / NFC / 256GB 16GB RAMBOOST / LANÇAMENTO 2025 / Câmera Ѕопу 50MP OIS / FHD Plus Amoled 120Hz Celular Premium Design - РОСО
2025-11-28,3598.0,,"Apple iPhone 14 128GB Estelar 6,1” 12MP iOS 5G"
2025-11-28,1688.13,,Smartphone Motorola Edge 60 Fusion 5G 256GB 16GB (8GB RAM+8GB Ram Boost) 50MP Sony AI Camera IP68 NFC
2025-11-28,1671.12,,Smartphone Xiaomi POCO M7 PRO 5G / NFC / 256GB 16GB RAMBOOST / LANÇAMENTO 2025 / Câmera Ѕопу 50MP OIS / FHD Plus Amoled 120Hz Celular Premium Design - РОСО
2025-11-28,9.49,,Controle Tv Remoto Philco Smart Todas Prime Video Netlix Globoplay - Mb
2025-11-28,19.88,,Controle Remoto Smart Tv 4k Compatível Com Samsung - Sky
2025-11-28,1639.0,,Smart TV AOC 50 DLED Roku 4K WiFi HDR 50U704578G
2025-11-28,57.73,,Antena Interna Para Tv Digital Amplificada 1080 Hdtv Cabo 3m - Lelong
2025-11-28,1099.0,,"Smart TV HQ 43"" Full HD Tela Sem bordas Sistema Android Design Slim HQS43NKHM"
2025-11-28,749.9,,"Monitor Gamer AOC 27"" Full HD 180Hz Gaming G4 27G4/P HDMI DisplayPort Base Ajustável"
2025-11-28,29.69,,Mouse Sem Fio 2.4 ghz Optico Recarregável Gamer USB Led Rgb Wirelles Usb Notebook - OPEN ZEE
2025-11-28,4229.1,,"Notebook Gamer Acer Nitro V15 Intel Core i5 512GB SSD 16GB RAM 15,6"" Full HD 144Hz IPS RTX 3050 6GB ANV15-51-582R"
2025-11-28,1699.99,,"Monitor Gamer Curvo LG UltraGear 34"", 2K WQHD, UltraWide, 160Hz, 1ms, FreeSync Premium, HDR10, Som Integrado - 34GP63A-B"
2025-11-28,1380.4,,Computador PC Gamer Completo TOB Intel Core i5 SSD 480GB 16GB Teclado Mouse Mouse Pad e Headset Gamer Monitor 23 Windows 10 Pro Trial - TOB COMPUTERS
2025-11-28,399.0,,Controle Sem Fio PS5 DualSense Midnight Black Original Sony Preto
2025-11-28,46.84,,Controle Sem Fio Compatível Para Ps3 Pc Joystick Manete Cor Preto Mais Cabo de Carregamento - Doubleshock
2025-11-28,464.07,,"Controle Sony DualSense PS5, Sem Fio, Branco - 3005767"
2025-11-28,55.09,,Controle Video Game Xbx 360 Com Fio Joystick E Pc - Pah
2025-11-28,67.5,,"Controle Gamer para PC, SmartTV e Console Wireless Bluetooth - Gamers E-Sports & Entretenimento - MZTech"
2025-11-28,1688.13,,Smartphone Motorola Edge 60 Fusion 5G 256GB 16GB (8GB RAM+8GB Ram Boost) 50MP Sony AI Camera IP68 NFC
2025-11-28,1671.12,,Smartphone Xiaomi POCO M7 PRO 5G / NFC / 256GB 16GB RAMBOOST / LANÇAMENTO 2025 / Câmera Ѕопу 50MP OIS / FHD Plus Amoled 120Hz Celular Premium Design - РОСО
2025-11-28,999.0,,"Smartphone Samsung Galaxy A16 128GB Verde Claro 5G 4GB RAM 6,7"" FHD+ Câm Tripla até 50MP + Selfie 13MP Bateria 5000mAh"
2025-11-28,3598.0,,"Apple iPhone 14 128GB Estelar 6,1” 12MP iOS 5G"
2025-11-28,1257.78,,Smartphone Celular Xiaomi Redmi Note 14 Lançamento 256GB 8GB Câmera 108MP 20MP Tela 6.67 AMOLED 120Hz FHD plus Design Premium Dual SIM Chip
2025-11-28,1688.13,,Smartphone Motorola Edge 60 Fusion 5G 256GB 16GB (8GB RAM+8GB Ram Boost) 50MP Sony AI Camera IP68 NFC
2025-11-28,1671.12,,Smartphone Xiaomi POCO M7 PRO 5G / NFC / 256GB 16GB RAMBOOST / LANÇAMENTO 2025 / Câmera Ѕопу 50MP OIS / FHD Plus Amoled 120Hz Celular Premium Design - РОСО
2025-11-28,301.9,,Armário Lavanderia 2 Portas com Espaço para Vassouras Multiuso com Rodinhas Móveis Bonatto
2025-11-28,301.9,,Armário Lavanderia 2 Portas com Espaço para Vassouras Multiuso com Rodinhas Móveis Bonatto
2025-11-28,455.91,,Cama Infantil Montessoriana em MDF Aconchego Para Quarto De Criança Com Colchão e Nicho - Maxi Do Brasil
2025-11-28,9.49,,Controle Tv Remoto Philco Smart Todas Prime Video Netlix Globoplay - Mb
2025-11-28,19.88,,Controle Remoto Smart Tv 4k Compatível Com Samsung - Sky
2025-11-28,301.9,,Armário Lavanderia 2 Portas com Espaço para Vassouras Multiuso com Rodinhas Móveis Bonatto
2025-12-01,9.49,,Controle Tv Remoto Philco Smart Todas Prime Video Netlix Globoplay - Mb
2025-12-01,19.88,,Controle Remoto Smart Tv 4k Compatível Com Samsung - Sky
2025-12-01,1928.24,,Smart TV AOC 50 DLED Roku 4K WiFi HDR 50U704578G
2025-12-01,57.73,,Antena Interna Para Tv Digital Amplificada 1080 Hdtv Cabo 3m - Lelong
2025-12-01,1074.58,,"Smart TV HQ 43"" Full HD Tela Sem bordas Sistema Android Design Slim HQS43NKHM"
2025-12-01,749.9,,"Monitor Gamer AOC 27"" Full HD 180Hz Gaming G4 27G4/P HDMI DisplayPort Base Ajustável"
2025-12-01,28.58,,Mouse Sem Fio 2.4 ghz Optico Recarregável Gamer USB Led Rgb Wirelles Usb Notebook - OPEN ZEE
2025-12-01,4229.1,,"Notebook Gamer Acer Nitro V15 Intel Core i5 512GB SSD 16GB RAM 15,6"" Full HD 144Hz IPS RTX 3050 6GB ANV15-51-582R"
2025-12-01,773.1,,"Monitor Gamer Acer Nitro Series KG273 G0bi 27"" Full HD 120Hz IPS 1ms HDMI UM.HX3AA.005"
2025-12-01,2199.99,,"Monitor Gamer Curvo LG UltraGear 34"", 2K WQHD, UltraWide, 160Hz, 1ms, FreeSync Premium, HDR10, Som Integrado - 34GP63A-B"
2025-12-01,399.0,,Controle Sem Fio PS5 DualSense Midnight Black Original Sony Preto
2025-12-01,45.36,,Controle Sem Fio Compatível Para Ps3 Pc Joystick Manete Cor Preto Mais Cabo de Carregamento - Doubleshock
2025-12-01,464.07,,"Controle Sony DualSense PS5, Sem Fio, Branco - 3005767"
2025-12-01,52.19,,Controle Video Game Xbx 360 Com Fio Joystick E Pc - Pah
2025-12-01,464.07,,"Controle Sony DualSense PS5, Sem Fio, Midnight Black - 3006452"
2025-12-01,1744.4,,Smartphone Motorola Edge 60 Fusion 5G 256GB 16GB (8GB RAM+8GB Ram Boost) 50MP Sony AI Camera IP68 NFC
2025-12-01,999.0,,"Smartphone Samsung Galaxy A16 128GB Verde Claro 5G 4GB RAM 6,7"" FHD+ Câm Tripla até 50MP + Selfie 13MP Bateria 5000mAh"
2025-12-01,3598.0,,"Apple iPhone 14 128GB Estelar 6,1” 12MP iOS 5G"
2025-12-01,1257.78,,Smartphone Celular Xiaomi Redmi Note 14 Lançamento 256GB 8GB Câmera 108MP 20MP Tela 6.67 AMOLED 120Hz FHD plus Design Premium Dual SIM Chip
2025-12-01,1141.2,,"Smartphone Realme C75x 8gb RAM 256gb Dual Sim NFC Tela 6.67"" Prova d'água resistente a queda - Azul"
2026-01-30,2499.0,,Smartphone Motorola Edge 60 Fusion 5G 256GB 16GB (8GB RAM+8GB Ram Boost) 50MP Sony AI Camera IP68 NFC
2026-01-30,2204.1,,Smartphone Xiaomi POCO M7 PRO 5G / NFC / 256GB 16GB RAMBOOST / LANÇAMENTO 2025 / Câmera Ѕопу 50MP OIS / FHD Plus Amoled 120Hz Celular Premium Design - РОСО
2026-01-30,1099.0,,"Smartphone Samsung Galaxy A16 128GB Verde Claro 5G 4GB RAM 6,7"" FHD+ Câm Tripla até 50MP + Selfie 13MP Bateria 5000mAh"
2026-01-30,1169.1,,"Smartphone Motorola Moto G54 256GB Verde 5G 8GB RAM 6,5"" Câm. Dupla + Selfie 16MP Dual Chip"
2026-01-30,1301.04,,"Smartphone Realme C75x 8gb RAM 256gb Dual Sim NFC Tela 6.67"" Prova d'água resistente a queda - Azul"
2026-01-30,163.1,,Aspirador de Pó Portátil e Vertical Electrolux 1100W STK13 Vermelho
2026-01-30,255.55,,Aspirador de Pó e Água Electrolux 1400W Acqua Power Preto e Amarelo AQP20
2026-01-30,151.05,,Aspirador de Pó Vertical Karcher Stick 2 em 1 com Filtro HEPA 1000W Branco
2026-01-30,417.91,,"Air Fryer Electrolux Family Efficient EAF50 Grafite 6,5L com Timer"
2026-01-30,413.51,,"Air Fryer Electrolux Family Efficient EAF51 Dark Red 6,5L com Timer"
2026-01-30,2098.99,,Lavadora de Roupas Electrolux 15kg Cesto Inox 11 Programas de Lavagem Branco Premium Care LEC15
2026-01-30,557.07,,Micro-ondas Panasonic 21L NN-ST25L Branco
2026-01-30,911.05,,Micro-ondas Electrolux 36L Prata e Preto Espelhado Efficient ME36S
2026-01-30,2879.1,,Freezer Horizontal Consul 1 Porta 309L CHA31FBANA
2026-01-30,619.0,,"Maquina de Lavar Roupa Semi-Automatica Tanquinho Colormaq 20,1kg LCS20"
2026-01-30,2429.1,,"Notebook ASUS Vivobook 15 X1504VA Intel Core i5 1334U 4GB Ram 256Gb SSD Linux KeepOS Tela 15,6"" LED FHD Silver - NJ1726"
2026-01-30,4949.1,,"Notebook Gamer Acer Nitro V15 Intel Core i5 512GB SSD 16GB RAM 15,6"" Full HD Linux Gutta 144Hz IPS RTX 3050 6GB ANV15-51-582R"
2026-01-30,1619.1,,Notebook Positivo Vision C14 Intel Celeron Linux 8GB RAM 256GB eMMC 14.1” LED HD Lumina BAR - Cinza
2026-01-30,3419.1,,"Notebook Acer Aspire Go Intel Core i5 13420H 8GB RAM 512GB SSD 15,6"" Full HD Windows 11 AG15-71P-53GM"
2026-01-30,3149.1,,"Notebook Dell Inspiron 15 I15-I3100-A15P Intel Core 3 8GB RAM 512GB SSD 15,6"" Full HD Windows 11 I15-I3100-A15P"
2026-01-30,1255.41,,Guarda-roupa Casal com Espelho 3 Portas de Correr 6 Gavetas Demóbile Londres
2026-01-30,1139.91,,Quarto de Bebê Completo com Guarda-roupa Berço e Cômoda Henn Labirinto Rústico e Branco
2026-01-30,256.49,,Escrivaninha 2 Gavetas Politorno Office Lindóia
2026-01-30,849.99,,Guarda Roupa Casal Madesa Mônaco 3 Portas de Correr com Espelho
2026-01-30,1091.91,,Guarda-roupa Casal com Espelho 6 Portas 4 Gavetas Araplac Braga
2026-01-30,27.81,,Fone De Ouvido S/fio Bluetooth Garantia Original Nota Fiscal - 01Smart
2026-01-30,331.55,,Caixa de Som Amplificada Bluetooth Vivensis Vibe Sound V8 Power 340W USB
2026-01-30,27.68,,Fone De Ouvido Sem Fio Bluetooth F9-5 Touch Display Led - TWS
2026-01-30,67.85,,Fone de Ouvido Bluetooth sem Fio Headset Anti-ruído Original Inova
2026-01-30,67.85,,Fone de Ouvido Bluetooth Sem Fio Inova Original Headphone Wireless
2026-01-30,30.61,,Mouse Sem Fio 2.4 ghz Optico Recarregável Gamer USB Led Rgb Wirelles Usb Notebook - OPEN ZEE
2026-01-30,254.99,,"SSD Adata SU650, SATA, 240GB, 2.5"", Leitura: 520MB/s e Gravação: 450MB/s, Preto - ASU650SS-240GT-R"
2026-01-30,26.99,,Mouse Optico Sem Fio Recarregável USB Led Rgb Wirelles Usb Note - Prime
2026-01-30,54.99,,"Mouse Sem Fio HP 150, 1600 DPI, Wireless, Compatível com PCs com porta USB-A, Preto - 2S9L1AA"
2026-01-30,23.99,,"Teclado Rise Mode Office OF 01, USB, ABNT, com Teclado Numérico, Preto - RM-TC-01-FB"
2026-01-30,47.9,,Escova Secadora Profissional Seca Alisa E Modela Cabelo Com Cabo - Dfjn
2026-01-30,25.1,,Deo Colônia Cebolinha 25ml - Jequiti
2026-01-30,41.57,,Cicatricure Creme para Rugas 50g
2026-01-30,39.9,,Maquiagem Capilar Natural Correção P/ Cabelo Barba Imediato - SEV
2026-01-30,58.9,,Gloss Liphoney Fran by Franciny Ehlke Gloss de Mel
2026-02-03,2249.1,,Smartphone Motorola Edge 60 Fusion 5G 256GB 16GB (8GB RAM+8GB Ram Boost) 50MP Sony AI Camera IP68 NFC
2026-02-03,2498.15,,Smartphone Xiaomi POCO M7 PRO 5G / NFC / 256GB 16GB RAMBOOST / LANÇAMENTO 2025 / Câmera Ѕопу 50MP OIS / FHD Plus Amoled 120Hz Celular Premium Design - РОСО
2026-02-03,3899.0,,"Apple iPhone 16e 512GB Branco 6,1"" 48MP iOS 5G"
2026-02-03,149.51,,Relógio Smartwatch Digital Pro Series 9 Nfc Gps 47mm Lançamento - 01Smart
2026-02-03,3899.0,,"Smartphone Samsung Galaxy Z Flip7 FE 128GB Preto 5G 8GB RAM Tela 6,7"" Câm. Dupla de 50MP Galaxy AI"
2026-02-03,236.55,,Aspirador de Pó e Água Electrolux 1400W Acqua Power Preto e Amarelo AQP20
2026-02-03,151.05,,Aspirador de Pó Vertical Karcher Stick 2 em 1 com Filtro HEPA 1000W Branco
2026-02-03,413.51,,"Air Fryer Electrolux Family Efficient EAF51 Dark Red 6,5L com Timer"
2026-02-03,417.91,,"Air Fryer Electrolux Family Efficient EAF50 Grafite 6,5L com Timer"
2026-02-03,548.61,,Air Fryer Mondial Forno Oven AFON-12L-BI Preto e Inox 12L
2026-02-03,1998.57,,Lavadora de Roupas Electrolux 15kg Cesto Inox 11 Programas de Lavagem Branco Premium Care LEC15
2026-02-03,557.07,,Micro-ondas Panasonic 21L NN-ST25L Branco
2026-02-03,901.55,,Micro-ondas Electrolux 36L Prata e Preto Espelhado Efficient ME36S
2026-02-03,2879.1,,Freezer Horizontal Consul 1 Porta 309L CHA31FBANA
2026-02-03,643.33,,"Maquina de Lavar Roupa Semi-Automatica Tanquinho Colormaq 20,1kg LCS20"
2026-02-03,2159.0,,"Notebook ASUS Vivobook 15 X1504VA Intel Core i5 1334U 4GB Ram 256Gb SSD Linux KeepOS Tela 15,6"" LED FHD Silver - NJ1726"
2026-02-03,4949.1,,"Notebook Gamer Acer Nitro V15 Intel Core i5 512GB SSD 16GB RAM 15,6"" Full HD Linux Gutta 144Hz IPS RTX 3050 6GB ANV15-51-582R"
2026-02-03,1583.12,,Notebook Positivo Vision C14 Intel Celeron Linux 8GB RAM 256GB eMMC 14.1” LED HD Lumina BAR - Cinza
2026-02-03,3374.1,,"Notebook Acer Aspire Go Intel Core i5 13420H 8GB RAM 512GB SSD 15,6"" Full HD Windows 11 AG15-71P-53GM"
2026-02-03,1259.1,,"Notebook Multi Ultra UB251 4GB RAM 128GB eMMC 14"" HD Windows 11 UB251 + Mouse Sem Fio"
2026-02-03,1439.91,,Guarda-roupa Casal com Espelho 3 Portas de Correr 6 Gavetas Demóbile Londres
2026-02-03,1044.91,,Quarto de Bebê Completo com Guarda-roupa Berço e Cômoda Henn Labirinto Rústico e Branco
2026-02-03,239.31,,Escrivaninha 2 Gavetas Politorno Office Lindóia
2026-02-03,849.99,,Guarda Roupa Casal Madesa Mônaco 3 Portas de Correr com Espelho
2026-02-03,1022.91,,Guarda-roupa Casal com Espelho 6 Portas 4 Gavetas Araplac Braga
2026-02-03,323.1,,Caixa de Som Amplificada Bluetooth Vivensis Vibe Sound V8 Power 340W USB
2026-02-03,28.97,,Fone De Ouvido Sem Fio Bluetooth F9-5 Touch Display Led - TWS
2026-02-03,67.85,,Fone de Ouvido Bluetooth Sem Fio Inova Original Headphone Wireless
2026-02-03,27.18,,Fone De Ouvido Sem Fio Bluetooth F9-5 Carregador de Celular - TWS
2026-02-03,502.5,,Caixa Amplificada Mondial CM-400 400W Bluetooth USB Rádio FM
2026-02-03,27.82,,Mouse Sem Fio 2.4 ghz Optico Recarregável Gamer USB Led Rgb Wirelles Usb Notebook - OPEN ZEE
2026-02-03,19.95,,Mouse Optico Sem Fio Recarregável USB Led Rgb Wirelles Usb Note - Prime
2026-02-03,254.99,,"SSD Adata SU650, SATA, 240GB, 2.5"", Leitura: 520MB/s e Gravação: 450MB/s, Preto - ASU650SS-240GT-R"
2026-02-03,59.9,,Teclado com fio USB Logitech K120 Resistente à Respingos e Layout ABNT2 -920-004423
2026-02-03,49.89,,Escova Secadora Profissional Seca Alisa E Modela Cabelo Com Cabo - Dfjn
2026-02-03,23.85,,Deo Colônia Cebolinha 25ml - Jequiti
2026-02-03,48.9,,Cicatricure Creme para Rugas 50g
2026-02-03,37.91,,Maquiagem Capilar Natural Correção P/ Cabelo Barba Imediato - SEV
2026-02-03,134.91,,Widi Care Juba Kit - Creme de Pentear + Máscara + Geléia + Shampoo
2026-02-03,299.0,,Título Desconhecido
2026-02-05,28.99,,Pilha Alcalina AAA com 16 unidades Elgin Palito
2026-02-05,309.6,,"Fire TV Stick HD (Geração mais recente) | Com controle remoto por voz com Alexa (inclui comandos de TV), controles de casa inteligente e streaming em HD"
2026-02-05,109.9,,Duracell Pilhas Alcalinas AA Pequena Pack 24 Unidades – Dura até 10x Mais – Ideal para Controle de Videogame e Brinquedos
2026-02-05,62.1,,"Cartucho de tinta HP 667 Preto Original (3YM79AB) Para Impressora Deskjet 2376, 2776, 6476, 5076, 5276"
2026-02-05,49.9,,"Mouse sem fio Logitech M170 com Design Ambidestro Compacto, Conexão USB e Pilha Inclusa - Preto"
2026-02-05,3509.1,,"Notebook Dell Inspiron I15-I1300-A30P 15.6"" Full HD 13ª Gen Intel Core i5 8GB 512GB SSD Win 11 Preto Carbono"
2026-02-05,22.9,,"PHILIPS, Fone de Ouvido com Microfone, TAUE101BK/00, Com fio de 1,2 metros, intra-auricular, Preto"
2026-02-05,82.9,,"Duracell Pilha Alcalina AAA Palito Com 16 Unidades – Dura Mais – Ideal para Controles Remotos, Brinquedos e Lanternas"
2026-02-05,207.52,,"JBL, Fone de Ouvido On ear, Headphone, Tune 520BT, Sem Fio - Preto"
2026-02-06,2499.0,,Smartphone Motorola Edge 60 Fusion 5G 256GB 16GB (8GB RAM+8GB Ram Boost) 50MP Sony AI Camera IP68 NFC
2026-02-06,2498.15,,Smartphone Xiaomi POCO M7 PRO 5G / NFC / 256GB 16GB RAMBOOST / LANÇAMENTO 2025 / Câmera Ѕопу 50MP OIS / FHD Plus Amoled 120Hz Celular Premium Design - РОСО
2026-02-06,1439.91,,Guarda-roupa Casal com Espelho 3 Portas de Correr 6 Gavetas Demóbile Londres
2026-02-06,1044.91,,Quarto de Bebê Completo com Guarda-roupa Berço e Cômoda Henn Labirinto Rústico e Branco
2026-02-06,227.91,,Escrivaninha 2 Gavetas Politorno Office Lindóia
2026-02-06,829.99,,Guarda Roupa Casal Madesa Mônaco 3 Portas de Correr com Espelho
2026-02-06,1115.91,,Guarda-roupa Casal com Espelho 6 Portas 4 Gavetas Araplac Braga
2026-02-06,323.1,,Caixa de Som Amplificada Bluetooth Vivensis Vibe Sound V8 Power 340W USB
2026-02-06,27.17,,Fone De Ouvido Sem Fio Bluetooth F9-5 Touch Display Led - TWS
2026-02-06,67.07,,Fone de Ouvido Bluetooth Sem Fio Inova Original Headphone Wireless
2026-02-06,27.18,,Fone De Ouvido Sem Fio Bluetooth F9-5 Carregador de Celular - TWS
2026-02-06,502.5,,Caixa Amplificada Mondial CM-400 400W Bluetooth USB Rádio FM
2026-02-06,27.82,,Mouse Sem Fio 2.4 ghz Optico Recarregável Gamer USB Led Rgb Wirelles Usb Notebook - OPEN ZEE
2026-02-06,21.0,,Mouse Optico Sem Fio Recarregável USB Led Rgb Wirelles Usb Note - Prime
2026-02-06,279.99,,"SSD Adata SU650, SATA, 240GB, 2.5"", Leitura: 520MB/s e Gravação: 450MB/s, Preto - ASU650SS-240GT-R"
2026-02-06,59.9,,Teclado com fio USB Logitech K120 Resistente à Respingos e Layout ABNT2 -920-004423
2026-02-06,29.95,,Mouse Gamer 6 Botões 2400DPI LED Com Fio para Jogos - Aston
2026-02-06,44.9,,Escova Secadora Profissional Seca Alisa E Modela Cabelo Com Cabo - Dfjn
2026-02-06,21.85,,Deo Colônia Cebolinha 25ml - Jequiti
2026-02-06,43.03,,Cicatricure Creme para Rugas 50g
2026-02-06,37.91,,Maquiagem Capilar A Prova De Agua Suor Resistente Pó Cabelo Barba Correção de Falhas - Sev
2026-02-06,37.91,,Maquiagem Capilar Natural Correção P/ Cabelo Barba Imediato - SEV
2026-02-06,62.1,,"Cartucho de tinta HP 667 Preto Original (3YM79AB) Para Impressora Deskjet 2376, 2776, 6476, 5076, 5276"
2026-02-06,49.9,,"Mouse sem fio Logitech M170 com Design Ambidestro Compacto, Conexão USB e Pilha Inclusa - Preto"
2026-02-06,3509.09,,"Notebook Dell Inspiron I15-I1300-A30P 15.6"" Full HD 13ª Gen Intel Core i5 8GB 512GB SSD Win 11 Preto Carbono"
2026-02-06,139.9,,"Dell - KM3322W, Teclado e Mouse sem fio, Preto"
2026-02-06,1280.6,,"Epson, Multifuncional, Ecotank L4260 - Tanque de Tinta Colorida, Wi-Fi Direct, Frente e Verso Automático, Bivolt"
2026-02-06,2159.0,,"Notebook ASUS Vivobook 15 X1504VA Intel Core i5 1334U 4GB Ram 256Gb SSD Linux KeepOS Tela 15,6"" LED FHD Silver - NJ1726"
2026-02-06,4949.1,,"Notebook Gamer Acer Nitro V15 Intel Core i5 512GB SSD 16GB RAM 15,6"" Full HD Linux Gutta 144Hz IPS RTX 3050 6GB ANV15-51-582R"
2026-02-06,3374.1,,"Notebook Acer Aspire Go Intel Core i5 13420H 8GB RAM 512GB SSD 15,6"" Full HD Windows 11 AG15-71P-53GM"
2026-02-06,1652.13,,"Notebook ASUS Vivobook Go 15 Intel Celeron 4GB RAM 128GB eMMC 15,6"" UHD Rosa Windows 11+ Microsoft 365 Personal Office E510KA-BR833WS"
2026-02-06,1259.1,,"Notebook Multi Ultra UB251 4GB RAM 128GB eMMC 14"" HD Windows 11 UB251 + Mouse Sem Fio"
2026-02-06,3149.1,,"Notebook Dell Inspiron 15 I15-I3100-A15P Intel Core 3 8GB RAM 512GB SSD 15,6"" Full HD Windows 11 I15-I3100-A15P"
2026-02-06,2522.13,,Notebook ASUS Vivobook Go 15 Intel Core i3 N305 8GB RAM SSD 256GB Full HD Windows 11 E1504GA-NJ434W
2026-02-06,1652.13,,"Notebook ASUS Vivobook Go 15 Intel Celeron 4GB RAM 128GB eMMC 15,6"" UHD Star Black Windows 11+ Microsoft 365 Personal Office E510KA-BR808WS"
2026-02-06,2924.1,,"Notebook ASUS Vivobook Go 15 AMD Ryzen 5 7520U 8GB RAM 512GB SSD 15,6"" Full HD Windows 11 E1504FA-NJ836W"
2026-02-06,3087.63,,"Notebook ASUS Vivobook 15 Intel Core i5 1334U 8GB RAM 512GB SSD 15,6"" Full HD Windows 11 X1504VA-NJ3957W"
2026-02-06,2654.1,,"Notebook HP 256R G9 Intel Core i3 1315U 8GB 256GB 15,6” Windows 11 Intel UHD Graphics BQ9K8AT#AK4"
2026-02-06,3431.12,,"Notebook Lenovo IdeaPad Slim 3 15IRH10 Intel Core i5-13420H 16GB 512GB SSD Windows 11 15.3"" - 83NS0001BR Luna Grey"
2026-02-06,2114.1,,"Notebook Samsung Galaxy Book Go, Windows 11 Home, Snapdragon 7c, 4GB, 128GB, 14'' Full HD LED, Copilot integrado"
2026-02-06,3149.0,,"Notebook ASUS Vivobook 15 M1502, AMD Ryzen 7 5825U, 16GB RAM, 512 GB SSD, KeepOS, Tela 15.6, FHD, Cool Silver - M1502YA-NJ612"
2026-02-06,1519.91,,Guarda-roupa Casal com Espelho 4 Gavetas 2 Portas de Correr Araplac Benfica
2026-02-06,1044.91,,Guarda-roupa Casal com Espelho 4 Portas 6 Gavetas Araplac Atraente Sofia
2026-02-06,1199.9,,Guarda-roupa Casal 8 Portas 4 Gavetas Araplac Porto
2026-02-06,77.65,,Mochila Masculina Impermeável Faculdade Alça Reforçada Grande - Dazzore
2026-02-06,162.93,,Cartão de Memória Sandisk 128gb 64gb 32gb 16gb Original Cartão Micro Sd Ultra Sandisk 100mbs
2026-02-06,9.99,,Controle Tv Remoto Philco Smart Todas Prime Video Netlix Globoplay - Mb
2026-02-06,19.88,,Controle Remoto Smart Tv 4k Compatível Com Samsung - Sky
2026-02-06,1719.0,,Smart TV AOC 50 DLED Roku 4K WiFi HDR 50U704578G
2026-02-06,2469.05,,"Smart TV 50"" Samsung Ultra 4K QLED QN50Q7FAAGXZD Tizen Q4 AI 3 HDMI"
2026-02-06,4084.05,,"Smart TV 65"" Samsung Ultra 4K QLED QN65Q7FAAGXZD Tizen Q4 AI 3 HDMI"
2026-02-06,1948.35,,Lavadora de Roupas Electrolux 15kg Cesto Inox 11 Programas de Lavagem Branco Premium Care LEC15
2026-02-06,557.07,,Micro-ondas Panasonic 21L NN-ST25L Branco
2026-02-06,901.55,,Micro-ondas Electrolux 36L Prata e Preto Espelhado Efficient ME36S
2026-02-06,2879.1,,Freezer Horizontal Consul 1 Porta 309L CHA31FBANA
2026-02-06,579.0,,"Maquina de Lavar Roupa Semi-Automatica Tanquinho Colormaq 20,1kg LCS20"
2026-02-06,476.1,,Controle Sem Fio PS5 DualSense Midnight Black Original Sony Preto
2026-02-06,49.7,,Controle Sem Fio Compatível Para Ps3 Pc Joystick Manete Cor Preto Mais Cabo de Carregamento - Doubleshock
2026-02-06,28.89,,Pilha Alcalina AAA com 16 unidades Elgin Palito
2026-02-06,228.99,,"JBL, Fone de Ouvido On ear, Headphone, Tune 520BT, Sem Fio - Preto"
2026-02-06,3134.05,,"Smart TV 55"" Samsung Ultra 4K QLED QN55Q7FAAGXZD Tizen Q4 AI 3 HDMI"
2026-02-06,5984.05,,"Smart TV 75"" Samsung Ultra 4K QLED QN75Q7FAAGXZD Tizen Q4 AI 3 HDMI"
2026-02-06,16.01,,Suporte TV Fixo Universal Para TV 32 42 43 50 52 55 60 65 75 90 100 Polegadas - Brasforma
2026-02-06,699.0,,TV Philco 32 P32EDA HD LED USB Multi Media Player Não Smart
2026-02-06,71.67,,Suporte Articulado de Parede para TV 14 a 55 Polegadas LED LCD Smart Universal Até 50 Kg Aço Reforçado Kit Parafusos Inclusos - Yara
2026-02-06,4501.66,,Geladeira/Refrigerador Electrolux Frost Free - Inverse Cinza 490L IB7S
2026-02-06,2399.0,,Lavadora de Roupas Electrolux 18kg Cesto Inox 11 Programas de Lavagem Branco Efficient LEE18
2026-02-06,5908.05,,Geladeira/Refrigerador Electrolux Frost Free French Door Inox Look 480L Efficiente IM7S
2026-02-06,701.1,,Microondas ST66N 34 Litros Panasonic
2026-02-06,692.55,,Micro-ondas Electrolux 23L Prata Efficient ME23S
2026-02-06,398.97,,"Controle Sony DualSense PS5, Sem Fio, Branco - 3005767"
2026-02-06,36.0,,Controle Video Game Xbx 360 Com Fio Joystick E Pc - Pah
2026-02-06,398.97,,"Controle Sony DualSense PS5, Sem Fio, Midnight Black - 3006452"
2026-02-06,398.97,,"Controle Sony DualSense PS5, Sem Fio, Starlight Blue - 3006454"
2026-02-06,34.31,,Porta Carrinhos Hot Wheels Expositor 50 Carrinhos Madeira Mdf Colecionaveis - Grupo Paraiso MDF
2026-02-06,799.0,,"Monitor Gamer AOC 27"" Full HD 180Hz Gaming G4 27G4/P HDMI DisplayPort Base Ajustável"
2026-02-06,1999.99,,"Monitor Gamer Curvo LG UltraGear 34"", 2K WQHD, UltraWide, 160Hz, 1ms, FreeSync Premium, HDR10, Som Integrado - 34GP63A-B"
2026-02-06,1287.9,,Computador PC Gamer Completo TOB Intel Core i5 SSD 240GB 8GB Teclado Mouse Mouse Pad e Headset Gamer Monitor 19 Windows 10 Pro Trial - TOB COMPUTERS
2026-02-07,75.05,,Ferro de Passar Roupa a Seco Mondial FSN-55-W Branco
2026-02-07,104.41,,Liquidificador Mondial Turbo Power L-99 FB Preto com Filtro 3 Velocidades 550W
2026-02-07,81.61,,Liquidificador Mondial Easy Power L-550-W Branco 2 Velocidades 550W
2026-02-07,199.0,,Liquidificador Oster 1400 Full OLIQ610 Preto 15 Velocidades + Pulsar 1400W
2026-02-07,236.55,,Aspirador de Pó e Água Electrolux 1400W Acqua Power Preto e Amarelo AQP20
2026-02-07,44.9,,Escova Secadora Profissional Seca Alisa E Modela Cabelo Com Cabo - Dfjn
2026-02-07,23.85,,Deo Colônia Cebolinha 25ml - Jequiti
2026-02-07,48.9,,Cicatricure Creme para Rugas 50g
2026-02-07,37.91,,Maquiagem Capilar A Prova De Agua Suor Resistente Pó Cabelo Barba Correção de Falhas - Sev
2026-02-07,37.91,,Maquiagem Capilar Natural Correção P/ Cabelo Barba Imediato - SEV
2026-02-07,1249.9,,Guarda-roupa Casal com Espelho 6 Portas Araplac Malu
2026-02-07,1519.91,,Sofá Retrátil Reclinável 3 Lugares Veludo Ibiza Besthouse
2026-02-07,59.9,,Mesas Redonda De Canto Lateral Retro Pe Palito - Kelan
2026-02-07,664.91,,Painel para TV Até 60” DJ Móveis New Greco 2 Prateleiras
2026-02-07,360.91,,"Rack para TV até 70"" 1 Porta DJ Móveis Flow"
2026-02-07,20.82,,O Pequeno Príncipe - Edição de Luxo Almofadada
2026-02-07,99.0,,"Stanley - Copo de cerveja isolado, copo empilhável Stay Chill de 473 ml, para bebidas quentes ou frias"
2026-02-07,95.5,,Sanduicheira Elétrica Cadence Click - 127V
2026-02-07,69.9,,Filtro/Refil Original de Água Acqua Pure para Purificador Electrolux PE12A/PE12B/PE12G/PE12V/PE12P
2026-02-07,616.0,,Purificador de Água Gelada Fria e Natural Elétrico Compacto Eletronico placa Electrolux Filtro refil 6 meses ou 3000l Painel Touch Bivolt Grafite PE12G
2026-02-07,94.91,,"Electrolux, Pote Hermetico, 12 unidades, A23122901, cinza"
2026-02-07,2499.0,,Smartphone Motorola Edge 60 Fusion 5G 256GB 16GB (8GB RAM+8GB Ram Boost) 50MP Sony AI Camera IP68 NFC
2026-02-07,2498.15,,Smartphone Xiaomi POCO M7 PRO 5G / NFC / 256GB 16GB RAMBOOST / LANÇAMENTO 2025 / Câmera Ѕопу 50MP OIS / FHD Plus Amoled 120Hz Celular Premium Design - РОСО
2026-02-07,898.99,,"Smartphone Samsung Galaxy A16 128GB Verde Claro 5G 4GB RAM 6,7"" FHD+ Câm Tripla até 50MP + Selfie 13MP Bateria 5000mAh"
2026-02-07,149.51,,Relógio Smartwatch Digital Pro Series 9 Nfc Gps 47mm Lançamento - 01Smart
2026-02-07,3899.0,,"Smartphone Samsung Galaxy Z Flip7 FE 128GB Preto 5G 8GB RAM Tela 6,7"" Câm. Dupla de 50MP Galaxy AI"
2026-02-07,274.55,,Headphone Bluetooth JBL Tune 520BT com Microfone - Preto
2026-02-07,77.32,,Fone De Ouvido Sem Fio Kaidi 771 Bluetooth 5.1 Original - KD
2026-02-07,809.1,,Caixa de Som Torre AMVOX ACA 1000 NEW X - Bluetooth 1000W RMS Amplificada
2026-02-07,1499.0,,"Caixa de Som JBL Partybox Encore Essential, Bluetooth, LED, 100W RMS, IPX4, Preto - 58035033"
2026-02-07,175.52,,Fone de Ouvido Sem Fio QCY T13 TWS 4 Mics Controle Por Toque e Bluetooth 5.1
2026-02-07,22.9,,"PHILIPS, Fone de Ouvido com Microfone, TAUE101BK/00, Com fio de 1,2 metros, intra-auricular, Preto"
2026-02-07,82.9,,"Duracell Pilha Alcalina AAA Palito Com 16 Unidades – Dura Mais – Ideal para Controles Remotos, Brinquedos e Lanternas"
2026-02-07,259.0,,"Smartwatch Samsung Galaxy Fit3 Display 1.6"" Grafite"
2026-02-07,409.0,,"Echo Dot (Geração mais recente) | Smart speaker com Alexa, som vibrante e potente, Wi-Fi e Bluetooth | Cor Preta"
2026-02-07,644.81,,"Celular Samsung Galaxy A07 128GB, 4GB, Câm. 50MP, Tela 6.7""- Preto"
2026-02-07,2321.14,,"Notebook Lenovo IdeaPad 1 15IRU7 Intel Core i3-1315U 8GB 256GB SSD Linux 15.6"" - 83QJS00000 Cloud Grey"
2026-02-07,172.0,,Mochila Masculina Feminina Notebook Escolar Faculdade Viagem Dia a Dia Reforçada Resistente a Água Marcador de Bagagem Saida usb Fone - ACO
2026-02-07,21.0,,Mouse Optico Sem Fio Recarregável USB Led Rgb Wirelles Usb Note - Prime
2026-02-07,62.77,,Mochila Masculina Faculdade Impermeável Resistente Grande Alça de Aço - Dazzore
2026-02-07,279.99,,"SSD Adata SU650, SATA, 240GB, 2.5"", Leitura: 520MB/s e Gravação: 450MB/s, Preto - ASU650SS-240GT-R"
2026-02-07,19.69,,Cabo Carregador USB para Tipo C Turbo 2 Metros Reforçado - Inova
2026-02-07,62.1,,"Cartucho de tinta HP 667 Preto Original (3YM79AB) Para Impressora Deskjet 2376, 2776, 6476, 5076, 5276"
2026-02-07,49.9,,"Mouse sem fio Logitech M170 com Design Ambidestro Compacto, Conexão USB e Pilha Inclusa - Preto"
2026-02-07,5199.0,,"Notebook Dell Inspiron I15-I1300-A60P 15.6"" Full HD 13ª Gen Intel Core i5 16GB 1TB SSD Win 11 Preto Carbono"
2026-02-07,1305.0,,"Epson, Multifuncional, Ecotank L4260 - Tanque de Tinta Colorida, Wi-Fi Direct, Frente e Verso Automático, Bivolt"
2026-02-07,139.9,,"Dell - KM3322W, Teclado e Mouse sem fio, Preto"
2026-02-07,26.9,,"Scotch, 3M, Fixa Forte, Fita Dupla Face, Fixação Extrema, 24mm x 2m"
2026-02-07,36.49,,WD-40 Produto Multiusos - Embalagem Aerossol 300ml
2026-02-07,61.11,,Campainha Sem Fio Com Bateria CIB 101 Preto Intelbras
2026-02-07,1.74,,"Atlas - Lixa D´água com Grão 240 e Verso em Papel, Tamanho 22,5 x 27,5 cm"
2026-02-07,89.99,,Sparta Maleta de ferramentas kit com 129 peças
2026-02-07,9.99,,Controle Tv Remoto Philco Smart Todas Prime Video Netlix Globoplay - Mb
2026-02-07,1719.0,,Smart TV AOC 50 DLED Roku 4K WiFi HDR 50U704578G
2026-02-07,2564.05,,"Smart TV 50"" Samsung Ultra 4K QLED QN50Q7FAAGXZD Tizen Q4 AI 3 HDMI"
2026-02-07,4179.05,,"Smart TV 65"" Samsung Ultra 4K QLED QN65Q7FAAGXZD Tizen Q4 AI 3 HDMI"
2026-02-07,3134.05,,"Smart TV 55"" Samsung Ultra 4K QLED QN55Q7FAAGXZD Tizen Q4 AI 3 HDMI"
2026-02-07,1948.35,,Lavadora de Roupas Electrolux 15kg Cesto Inox 11 Programas de Lavagem Branco Premium Care LEC15
2026-02-07,557.07,,Micro-ondas Panasonic 21L NN-ST25L Branco
2026-02-07,579.0,,"Maquina de Lavar Roupa Semi-Automatica Tanquinho Colormaq 20,1kg LCS20"
2026-02-07,345.51,,Forno Elétrico Philco PFE44P Dupla Resistência 44L
2026-02-07,729.9,,Micro-ondas 34L Mondial MO-02-34-E Prata 127V
2026-02-07,476.1,,Controle Sem Fio PS5 DualSense Midnight Black Original Sony Preto
2026-02-07,49.7,,Controle Sem Fio Compatível Para Ps3 Pc Joystick Manete Cor Preto Mais Cabo de Carregamento - Doubleshock
2026-02-07,422.1,,Controle sem Fio DualSense Midnight Black PS5 Sony PlayStation
2026-02-07,1799.0,,"Volante Logitech G29 Driving Force para PS5, PS4, PS3 e PC - 941-000111"
2026-02-07,2138.07,,"Console Nintendo Switch + Joy-Con Neon + Mario Kart 8 Deluxe + 3 Meses de Assinatura Nintendo Switch Online, Azul e Vermelho - HBDSKABL2"
2026-02-07,4949.1,,"Notebook Gamer Acer Nitro V15 Intel Core i5 512GB SSD 16GB RAM 15,6"" Full HD Linux Gutta 144Hz IPS RTX 3050 6GB ANV15-51-582R"
2026-02-07,446.54,,"Monitor Gamer 120Hz 1ms AOC B35 22B35HM23 21,5"" Full HD MPRT 1 VGA"
2026-02-07,159.99,,"Teclado Gamer Redragon Lakshmi, Switch Brown, Layout 60%, ABNT2, Cinza - K606-YL&WT&GY (PT-BROWN)"
2026-02-07,859.76,,"Monitor Gamer LG 24"" UltraGear Full HD IPS 180Hz 1Ms HDMI DisplayPort FreeSync 24GS60F-B Bivolt"
2026-02-07,629.1,,"Monitor Gamer 120Hz 1ms AOC 27B35H 27"" Full HD IPS MPRT 1 VGA"
2026-02-08,109.25,,Sanduicheira/Grill Britânia Press BGR27I 2 em 1 Prata 850W Antiaderente
2026-02-08,46.27,,Copo de Liquidificador Compatível Mondial Turbo Premium Inox L1000 L1100 Preto - Micromax
2026-02-08,381.77,,Panela de Pressão Elétrica MasterSteam Midea Preta e Inox - PPG70S
2026-02-08,129.0,,Liquidificador Mondial Turbo L-900 FB Copo Preto Com Filtro 05 Velocidades 900W
2026-02-08,46.27,,Copo De Liquidificador Philco Ph900 Cristal Tampa Preta - Micromax
2026-02-08,44.9,,Escova Secadora Profissional Seca Alisa E Modela Cabelo Com Cabo - Dfjn
2026-02-08,23.85,,Deo Colônia Cebolinha 25ml - Jequiti
2026-02-08,48.9,,Cicatricure Creme para Rugas 50g
2026-02-08,37.91,,Maquiagem Capilar A Prova De Agua Suor Resistente Pó Cabelo Barba Correção de Falhas - Sev
2026-02-08,37.91,,Maquiagem Capilar Natural Correção P/ Cabelo Barba Imediato - SEV
2026-02-08,1439.91,,Guarda-roupa Casal com Espelho 3 Portas de Correr 6 Gavetas Demóbile Londres
2026-02-08,1044.91,,Quarto de Bebê Completo com Guarda-roupa Berço e Cômoda Henn Labirinto Rústico e Branco
2026-02-08,227.91,,Escrivaninha 2 Gavetas Politorno Office Lindóia
2026-02-08,849.99,,Guarda Roupa Casal Madesa Mônaco 3 Portas de Correr com Espelho
2026-02-08,1115.91,,Guarda-roupa Casal com Espelho 6 Portas 4 Gavetas Araplac Braga
2026-02-08,62.9,,Café com Deus Pai Vol. 6 - 2026: Porções Diárias de Amor
2026-02-08,510.06,,"MONDIAL Fritadeira Air Fryer Forno Oven 12L, Preto/Inox, 2000W, 110V - AFON-12L-BI"
2026-02-08,179.99,,"Liquidificador 1400 Full Oster Preto 3,2L - 127V"
2026-02-08,16.96,,Dolce Gusto Mochaccino Em Cápsula Avelã Nescafé Caixa 170G 10 Unidades
2026-02-08,1799.1,,"Smartphone Samsung Galaxy A36 256GB 5G 8GB RAM Branco 6,7"" Câm. Tripla + Selfie 12MP"
2026-02-08,1639.65,,Smartphone Xiaomi Redmi Note 14 Lançamento 256GB 128GB Câmera 108MP 20MP até 12GB Ramboost AMOLED 120Hz FHD plus celular Design Premium - Unity
2026-02-08,335.07,,Smartwatch Xiaomi Redmi Watch 5 Active Original C Alexa 2024
2026-02-08,158.97,,Carregador USB-C de 20W Apple Branco Original - MUVU3BZ/A
2026-02-08,40.61,,Carregador Turbo Tipo - C Fonte 45W + Cabo Compatível com Samsung Galaxy Carga Ultra Rápida - Hoco
2026-02-08,323.1,,Caixa de Som Amplificada Bluetooth Vivensis Vibe Sound V8 Power 340W USB
2026-02-08,27.17,,Fone De Ouvido Sem Fio Bluetooth F9-5 Touch Display Led - TWS
2026-02-08,67.85,,Fone de Ouvido Bluetooth Sem Fio Inova Original Headphone Wireless
2026-02-08,27.18,,Fone De Ouvido Sem Fio Bluetooth F9-5 Carregador de Celular - TWS
2026-02-08,502.5,,Caixa Amplificada Mondial CM-400 400W Bluetooth USB Rádio FM
2026-02-08,28.89,,Pilha Alcalina AAA com 16 unidades Elgin Palito
2026-02-08,22.9,,"PHILIPS, Fone de Ouvido com Microfone, TAUE101BK/00, Com fio de 1,2 metros, intra-auricular, Preto"
2026-02-08,228.99,,"JBL, Fone de Ouvido On ear, Headphone, Tune 520BT, Sem Fio - Preto"
2026-02-08,82.9,,"Duracell Pilha Alcalina AAA Palito Com 16 Unidades – Dura Mais – Ideal para Controles Remotos, Brinquedos e Lanternas"
2026-02-08,259.0,,"Smartwatch Samsung Galaxy Fit3 Display 1.6"" Grafite"
2026-02-08,2510.47,,"Notebook ASUS Vivobook 15 X1504VA Intel Core i5 1334U 4GB Ram 256Gb SSD Linux KeepOS Tela 15,6"" LED FHD Silver - NJ1726"
2026-02-08,3374.1,,"Notebook Acer Aspire Go Intel Core i5 13420H 8GB RAM 512GB SSD 15,6"" Full HD Windows 11 AG15-71P-53GM"
2026-02-08,1652.13,,"Notebook ASUS Vivobook Go 15 Intel Celeron 4GB RAM 128GB eMMC 15,6"" UHD Rosa Windows 11+ Microsoft 365 Personal Office E510KA-BR833WS"
2026-02-08,3003.0,,Notebook ASUS Vivobook Go 15 Intel Core i3 N305 8GB RAM SSD 256GB Full HD Windows 11 E1504GA-NJ434W
2026-02-08,1259.1,,"Notebook Multi Ultra UB251 4GB RAM 128GB eMMC 14"" HD Windows 11 UB251 + Mouse Sem Fio"
2026-02-08,77.65,,Mochila Masculina Impermeável Faculdade Alça Reforçada Grande - Dazzore
2026-02-08,162.93,,Cartão de Memória Sandisk 128gb 64gb 32gb 16gb Original Cartão Micro Sd Ultra Sandisk 100mbs
2026-02-08,31.3,,Mouse Sem Fio 2.4 ghz Optico Recarregável Gamer USB Led Rgb Wirelles Usb Notebook - OPEN ZEE
2026-02-08,172.0,,Mochila Masculina Feminina Notebook Escolar Faculdade Viagem Dia a Dia Reforçada Resistente a Água Marcador de Bagagem Saida usb Fone - ACO
2026-02-08,21.0,,Mouse Optico Sem Fio Recarregável USB Led Rgb Wirelles Usb Note - Prime
2026-02-08,2155.12,,"Galaxy Tab S10 Lite, 128GB, Tela 10.9"", WIFI, Cinza"
2026-02-08,167.99,,"ELG, F80N, Suporte Articulado de Mesa, Pistão a Gás, Design Compacto e Retrátil, Ergonômico, Monitores 17'' a 35'', 2kg a 9kg, Preto"
2026-02-08,3299.0,,"Notebook ASUS Vivobook 15, Intel Core i5, 16 GB, 512 GB SSD W11 Home, 15.6'' FHD, Quiet Blue -X1504VA-NJ1745W"
2026-02-08,27.99,,Suporte para Notebook e Tablet Linha Premium em Alumínio Dobrável e Ergonômico Para Desktop Portátil Ajustável em 6 Ângulos com Altura Regulável Leve Apoio Universal - Com estojo para armazenagem
2026-02-08,80.91,,"Mouse Sem Fio Logitech M240 com Conexão Bluetooth, Clique Silencioso, Design Ambidestro Compacto, Bateria de 18 Meses, Compatível com Windows, macOS, ChromeOS - Preto"
2026-02-08,17.9,,Force Line - Extensão Slim 3 Tomadas Tripolar Bivolt 1 Metro
2026-02-08,155.1,,"WAP Parafusadeira e Furadeira à Bateria 12V BPF-12K3, Kit de 13 Acessórios e Maleta, Empunhadura Emborrachada, Bivolt"
2026-02-08,123.58,,Mor - Escada Alumínio 4 Degraus
2026-02-08,79.9,,"Calibrador Compressor Bomba De Ar Portátil Digital Mini Com Lanterna LED para Encher Pneus de Carro, Moto, Bike, Bicicleta, Bola e Piscina Inflável"
2026-02-08,5984.05,,"Smart TV 75"" Samsung Ultra 4K QLED QN75Q7FAAGXZD Tizen Q4 AI 3 HDMI"
2026-02-08,16.01,,Suporte TV Fixo Universal Para TV 32 42 43 50 52 55 60 65 75 90 100 Polegadas - Brasforma
2026-02-08,699.0,,TV Philco 32 P32EDA HD LED USB Multi Media Player Não Smart
2026-02-08,1329.0,,"Smart TV HQ 43"" Full HD Tela Sem bordas Sistema Android Design Slim HQS43NKHM"
2026-02-08,138.69,,Aparelho de Karaokê DVD Player Mondial D-20
2026-02-08,1948.35,,Lavadora de Roupas Electrolux 15kg Cesto Inox 11 Programas de Lavagem Branco Premium Care LEC15
2026-02-08,557.07,,Micro-ondas Panasonic 21L NN-ST25L Branco
2026-02-08,579.0,,"Maquina de Lavar Roupa Semi-Automatica Tanquinho Colormaq 20,1kg LCS20"
2026-02-08,4501.66,,Geladeira/Refrigerador Electrolux Frost Free - Inverse Cinza 490L IB7S
2026-02-08,2399.0,,Lavadora de Roupas Electrolux 18kg Cesto Inox 11 Programas de Lavagem Branco Efficient LEE18
2026-02-08,398.97,,"Controle Sony DualSense PS5, Sem Fio, Branco - 3005767"
2026-02-08,36.0,,Controle Video Game Xbx 360 Com Fio Joystick E Pc - Pah
2026-02-08,398.97,,"Controle Sony DualSense PS5, Sem Fio, Midnight Black - 3006452"
2026-02-08,398.97,,"Controle Sony DualSense PS5, Sem Fio, Starlight Blue - 3006454"
2026-02-08,34.31,,Porta Carrinhos Hot Wheels Expositor 50 Carrinhos Madeira Mdf Colecionaveis - Grupo Paraiso MDF
2026-02-08,799.0,,"Monitor Gamer AOC 27"" Full HD 180Hz Gaming G4 27G4/P HDMI DisplayPort Base Ajustável"
2026-02-08,1999.99,,"Monitor Gamer Curvo LG UltraGear 34"", 2K WQHD, UltraWide, 160Hz, 1ms, FreeSync Premium, HDR10, Som Integrado - 34GP63A-B"
2026-02-08,1287.9,,Computador PC Gamer Completo TOB Intel Core i5 SSD 240GB 8GB Teclado Mouse Mouse Pad e Headset Gamer Monitor 19 Windows 10 Pro Trial - TOB COMPUTERS
2026-02-08,30.3,,Mouse Gamer 6 Botões 2400DPI LED Com Fio para Jogos - Aston
2026-02-08,446.54,,"Monitor Gamer 120Hz 1ms AOC B35 22B35HM23 21,5"" Full HD MPRT 1 VGA"
2026-02-09,104.41,,Liquidificador Mondial Turbo Power L-99 FB Preto com Filtro 3 Velocidades 550W
2026-02-09,81.61,,Liquidificador Mondial Easy Power L-550-W Branco 2 Velocidades 550W
2026-02-09,210.42,,Liquidificador Oster 1400 Full OLIQ610 Preto 15 Velocidades + Pulsar 1400W
2026-02-09,236.55,,Aspirador de Pó e Água Electrolux 1400W Acqua Power Preto e Amarelo AQP20
2026-02-09,109.25,,Sanduicheira/Grill Britânia Press BGR27I 2 em 1 Prata 850W Antiaderente
2026-02-09,9.48,,Spray Borrifador Pulverizador de Óleo Azeite e Vinagre Vidro 200ml Cozinha Temperar Salada Churrasco - Spray de Azeite
2026-02-09,166.9,,Widi Care Juba Kit - Creme de Pentear + Máscara + Geléia + Shampoo
2026-02-09,60.11,,Aparelho De Barbear Depilador Elétrico 3 Em 1 - Recarregável Kemei Shaver KM-6776
2026-02-09,53.01,,Gloss Liphoney Fran by Franciny Ehlke Gloss de Mel
2026-02-09,132.05,,Chapinha/Prancha de Cabelo Taiff Cerâmica 180°C
2026-02-09,1439.91,,Guarda-roupa Casal com Espelho 3 Portas de Correr 6 Gavetas Demóbile Londres
2026-02-09,1044.91,,Quarto de Bebê Completo com Guarda-roupa Berço e Cômoda Henn Labirinto Rústico e Branco
2026-02-09,227.91,,Escrivaninha 2 Gavetas Politorno Office Lindóia
2026-02-09,849.99,,Guarda Roupa Casal Madesa Mônaco 3 Portas de Correr com Espelho
2026-02-09,1115.91,,Guarda-roupa Casal com Espelho 6 Portas 4 Gavetas Araplac Braga
2026-02-09,20.82,,O Pequeno Príncipe - Edição de Luxo Almofadada
2026-02-09,62.9,,Café com Deus Pai Vol. 6 - 2026: Porções Diárias de Amor
2026-02-09,96.9,,Sanduicheira Elétrica Cadence Click - 127V
2026-02-09,99.0,,"Stanley - Copo de cerveja isolado, copo empilhável Stay Chill de 473 ml, para bebidas quentes ou frias"
2026-02-09,77.9,,Filtro/Refil Original de Água Acqua Pure para Purificador Electrolux PE12A/PE12B/PE12G/PE12V/PE12P
2026-02-09,16.96,,Dolce Gusto Mochaccino Em Cápsula Avelã Nescafé Caixa 170G 10 Unidades
2026-02-09,616.0,,Purificador de Água Gelada Fria e Natural Elétrico Compacto Eletronico placa Electrolux Filtro refil 6 meses ou 3000l Painel Touch Bivolt Grafite PE12G
2026-02-09,1799.01,,"Smartphone Samsung Galaxy A36 256GB 5G 8GB RAM Branco 6,7"" Câm. Tripla + Selfie 12MP"
2026-02-09,1099.0,,"Smartphone Motorola Moto G35 256GB Coral 5G 4GB RAM+8GB Ram Boost 5G 6,7"" Câm. Dupla + Selfie 16MP"
2026-02-09,1439.1,,"Smartphone Motorola G56 256GB Grafite 5G 8GB de RAM 6,7"" Câm. Dupla + Selfie 32MP"
2026-02-09,2498.4,,"Smartphone Samsung Galaxy S24 FE 128GB Grafite 5G 8GB RAM 6,7"" Câm. Tripla + Selfie 10MP"
2026-02-09,674.1,,Smartphone Samsung Galaxy A06 5G 128GB 4GB RAM Cinza Câm. 50MP + Selfie 8MP
2026-02-09,149.0,,Carregador Apple USB-C de 20W Original
2026-02-09,3509.1,,"Apple iPhone 16e 128GB Branco 6,1"" 48MP iOS 5G"
2026-02-09,5489.1,,"Smartphone Samsung Galaxy S24 Ultra 6,8"" Galaxy AI 256GB Titânio Preto 5G 12GB RAM Câm. Quádrupla 200MP + Selfie 12MP Bateria 5000mAh Dual Chip"
2026-02-09,809.1,,Caixa de Som Torre AMVOX ACA 1000 NEW X - Bluetooth 1000W RMS Amplificada
2026-02-09,1499.0,,Caixa de Som Aiwa Boombox Plus AWS-BBS-01-B Bluetooth Amplificada 200W USB
2026-02-09,1619.1,,Caixa de Som Torre Aiwa AWS-T2W-02 Bluetooth 2300W RMS Amplificada
2026-02-09,314.1,,Caixa de Som Amplificada Bluetooth Vivensis Vibe Sound V8 Power 340W USB
2026-02-09,1349.1,,Caixa de Som Torre Philips TAX5509/78 Party Speaker 2400W
2026-02-09,22.9,,"PHILIPS, Fone de Ouvido com Microfone, TAUE101BK/00, Com fio de 1,2 metros, intra-auricular, Preto"
2026-02-09,228.05,,"JBL, Fone de Ouvido On ear, Headphone, Tune 520BT, Sem Fio - Preto"
2026-02-09,82.9,,"Duracell Pilha Alcalina AAA Palito Com 16 Unidades – Dura Mais – Ideal para Controles Remotos, Brinquedos e Lanternas"
2026-02-09,259.0,,"Smartwatch Samsung Galaxy Fit3 Display 1.6"" Grafite"
2026-02-09,29.99,,"Celular Samsung Galaxy A07 128GB, 4GB, Câm. 50MP, Tela 6.7""- Preto"
2026-02-09,1652.13,,"Notebook ASUS Vivobook Go 15 Intel Celeron 4GB RAM 128GB eMMC 15,6"" UHD Star Black Windows 11+ Microsoft 365 Personal Office E510KA-BR808WS"
2026-02-09,2924.1,,"Notebook ASUS Vivobook Go 15 AMD Ryzen 5 7520U 8GB RAM 512GB SSD 15,6"" Full HD Windows 11 E1504FA-NJ836W"
2026-02-09,3239.1,,"Notebook Dell Inspiron 15 I15-I3100-A15P Intel Core 3 8GB RAM 512GB SSD 15,6"" Full HD Windows 11 I15-I3100-A15P"
2026-02-09,5399.1,,"Notebook Gamer Acer Nitro V15 Intel Core i5 512GB SSD 16GB RAM 15,6"" Full HD Linux Gutta 144Hz IPS RTX 3050 6GB ANV15-51-582R"
2026-02-09,3374.1,,"Notebook Acer Aspire Go Intel Core i5 13420H 8GB RAM 512GB SSD 15,6"" Full HD Windows 11 AG15-71P-53GM"
2026-02-09,1652.13,,"Notebook ASUS Vivobook Go 15 Intel Celeron 4GB RAM 128GB eMMC 15,6"" UHD Rosa Windows 11+ Microsoft 365 Personal Office E510KA-BR833WS"
2026-02-09,1259.1,,"Notebook Multi Ultra UB251 4GB RAM 128GB eMMC 14"" HD Windows 11 UB251 + Mouse Sem Fio"
2026-02-09,2702.7,,Notebook ASUS Vivobook Go 15 Intel Core i3 N305 8GB RAM SSD 256GB Full HD Windows 11 E1504GA-NJ434W
2026-02-09,77.65,,Mochila Masculina Impermeável Faculdade Alça Reforçada Grande - Dazzore
2026-02-09,62.77,,Mochila Masculina Faculdade Impermeável Resistente Grande Alça de Aço - Dazzore
2026-02-09,28.58,,Mouse Sem Fio 2.4 ghz Optico Recarregável Gamer USB Led Rgb Wirelles Usb Notebook - OPEN ZEE
2026-02-09,849.99,,"SSD Kingston NV3, 1 TB, M.2 2280, PCIe 4.0 x4, NVMe, Leitura: 6000 MB/s, Gravação: 4000 MB/s, Azul - SNV3S/1000G"
2026-02-09,21.0,,Mouse Optico Sem Fio Recarregável USB Led Rgb Wirelles Usb Note - Prime
2026-02-09,49.9,,"Mouse sem fio Logitech M170 com Design Ambidestro Compacto, Conexão USB e Pilha Inclusa - Preto"
2026-02-09,62.1,,"Cartucho de tinta HP 667 Preto Original (3YM79AB) Para Impressora Deskjet 2376, 2776, 6476, 5076, 5276"
2026-02-09,2155.11,,"Galaxy Tab S10 Lite, 128GB, Tela 10.9"", WIFI, Cinza"
2026-02-09,26.9,,"Scotch, 3M, Fixa Forte, Fita Dupla Face, Fixação Extrema, 24mm x 2m"
2026-02-09,69.9,,Campainha Sem Fio Com Bateria CIB 101 Preto Intelbras
2026-02-09,36.49,,WD-40 Produto Multiusos - Embalagem Aerossol 300ml
2026-02-09,19.3,,"Argan Óleo Reparador 50ml , Lola Cosmetics"
2026-03-05,2210.9,,Smartphone Motorola Edge 60 Fusion 5G 256GB 16GB (8GB RAM+8GB Ram Boost) 50MP Sony AI Camera IP68 NFC
2026-03-05,1286.07,,"Smartphone Realme C75x 8gb RAM 256gb Dual Sim NFC Tela 6.67"" Prova d'água resistente a queda - Azul"
2026-03-05,46.19,,Relógio Smart Watch Digital D20 Masculino / Feminino + Fone Bluetooth Sem Fio - 01Smart
2026-03-05,31.59,,Relogio Smartwatch Feminino Masculino D20 Fit Pro Inteligente Oferta - 01Smart
2026-03-05,3689.1,,"Smartphone Samsung Galaxy Z Flip7 FE 128GB Preto 5G 8GB RAM Tela 6,7"" Câm. Dupla de 50MP Galaxy AI"
2026-03-05,26.31,,Fone De Ouvido S/fio Bluetooth Garantia Original Nota Fiscal - 01Smart
2026-03-05,331.55,,Caixa de Som Amplificada Bluetooth Vivensis Vibe Sound V8 Power 340W USB
2026-03-05,27.18,,Fone De Ouvido Sem Fio Bluetooth F9-5 Touch Display Led - TWS
2026-03-05,60.19,,Fone De Ouvido Sem Fio Bluetooth Touch TWS + Smartwach Y8
2026-03-05,50.26,,Fone de Ouvido Bluetooth Sem Fio 3ª Geração 13 Pro Branco - Pro 13
2026-03-05,99.9,,Fone de Ouvido Sem Fio Lenovo LP40 Bluetooth 5.0
2026-03-05,27.18,,Fone De Ouvido Sem Fio Bluetooth F9-5 Carregador de Celular - TWS
2026-03-05,532.22,,Caixa Amplificada Mondial CM-400 400W Bluetooth USB Rádio FM
2026-03-05,74.96,,Fone De Ouvido Sem Fio Kaidi 771 Bluetooth 5.1 Original - KD
2026-03-05,677.97,,Caixa de Som Torre AMVOX ACA 1000 NEW X - Bluetooth 1000W RMS Amplificada
2026-03-05,2184.05,,Caixa de Som JBL PartyBox Encore 2 Bluetooth Amplificada Portátil 100W
2026-03-05,175.52,,Fone de Ouvido Sem Fio QCY T13 TWS 4 Mics Controle Por Toque e Bluetooth 5.1
2026-03-05,27.63,,"Fone de Ouvido Wireless Bluetooth InPods Branco Compatível com iOS, Android e Notebook Som de Alta Qualidade - Woofs"
2026-03-05,130.38,,Fone de Ouvido Sem Fio QCY T1C TWS Bluetooth 5.1 Case 380 mAh
2026-03-05,28.95,,Fone De Ouvido Sem Fio Original A Via Bluetooth A6S Pro Preto Pequeno Originais Fones - 01Smart
2026-03-05,269.0,,"Fire TV Stick HD (Geração mais recente) | Com controle remoto por voz com Alexa (inclui comandos de TV), controles de casa inteligente e streaming em HD"
2026-03-05,27.12,,Pilha Alcalina AA com 16 unidades Elgin Comum
2026-03-05,4547.99,,Apple iPhone 16 (128 GB) – Preto
2026-03-05,655.0,,"Smartphone Motorola Moto g06-128GB 12GB (4GB RAM + 8GB Ram Boost) e Camera 50MP com AI Bateria de 5200 mAh Tela 6.9"" - Azul Marinho"
2026-03-05,99.9,,Duracell Pilhas Alcalinas AA Pequena Pack 24 Unidades – Dura até 10x Mais – Ideal para Controle de Videogame e Brinquedos
2026-03-05,1999.0,,"Celular Samsung Galaxy A36 5G 256GB, 8GB RAM, Recursos AI (Preto)"
2026-03-05,206.1,,"JBL, Fone de Ouvido On ear, Headphone, Tune 520BT, Sem Fio - Preto"
2026-03-05,665.56,,"Celular Samsung Galaxy A07 128GB, 4GB, Câm. 50MP, Tela 6.7""- Preto"
2026-03-05,559.0,,"Echo Show 5 (Geração mais recente) | Smart display com Alexa, graves 2x mais potentes e som mais nítido | Cor Preta"
2026-03-05,26.8,,"PHILIPS, Fone de Ouvido com Microfone, TAUE101BK/00, Com fio de 1,2 metros, intra-auricular, Preto"
2026-03-05,239.0,,"Smartwatch Samsung Galaxy Fit3 Display 1.6"" Grafite"
2026-03-05,1089.0,,"Epson EcoTank L3250 - Multifuncional, Tanque de Tinta Colorida, Wi-Fi Direct, USB, Bivolt, Preto"
2026-03-05,1259.0,,"Celular Samsung Galaxy A17, 256GB, 8GB, 50MP Tela 6.7"", IP54 - Cinza"
2026-03-05,2510.58,,"Notebook ASUS Vivobook 15 X1504VA Intel Core i5 1334U 4GB Ram 256Gb SSD Linux KeepOS Tela 15,6"" LED FHD Silver - NJ1726"
2026-03-05,5489.1,,"Notebook Gamer Acer Nitro V15 Intel Core i5 512GB SSD 16GB RAM 15,6"" Full HD Linux Gutta 144Hz IPS RTX 3050 6GB ANV15-51-582R"
2026-03-05,3049.66,,"Notebook Asus Vivobook Go 15, Intel Core i3-N305, 8GB/512 SSD W11 Home Tela 15.6"" FHD, Cool Silver - E1504GA-NJ435W"
2026-03-05,1829.52,,"Notebook ASUS Vivobook Go 15 Intel Celeron 4GB RAM 128GB eMMC 15,6"" UHD Rosa Windows 11+ Microsoft 365 Personal Office E510KA-BR833WS"
2026-03-05,2879.1,,Notebook ASUS Vivobook Go 15 Intel Core i3 N305 8GB RAM SSD 256GB Full HD Windows 11 E1504GA-NJ434W
2026-03-05,1349.1,,"Notebook Multi Ultra UB251 4GB RAM 128GB eMMC 14"" HD Windows 11 UB251 + Mouse Sem Fio"
2026-03-05,1829.52,,"Notebook ASUS Vivobook Go 15 Intel Celeron 4GB RAM 128GB eMMC 15,6"" UHD Star Black Windows 11+ Microsoft 365 Personal Office E510KA-BR808WS"
2026-03-05,3419.1,,"Notebook Acer Aspire Go Intel Core i5 13420H 8GB RAM 512GB SSD 15,6"" Full HD Windows 11 AG15-71P-53GM"
2026-03-05,3509.1,,"Notebook Dell Inspiron 15 I15-I3100-A15P Intel Core 3 8GB RAM 512GB SSD 15,6"" Full HD Windows 11 I15-I3100-A15P"
2026-03-05,2069.1,,"Notebook Samsung Galaxy Book Go, Windows 11 Home, Snapdragon 7c, 4GB, 128GB, 14'' Full HD LED, Copilot integrado"
2026-03-05,3149.1,,"Notebook ASUS Vivobook Go 15 AMD Ryzen 5 7520U 8GB RAM 512GB SSD 15,6"" Full HD Windows 11 E1504FA-NJ836W"
2026-03-05,3712.31,,"Notebook Lenovo IdeaPad Slim 3 15IRH10 Intel Core i5-13420H 16GB 512GB SSD Windows 11 15.3"" - 83NS0001BR Luna Grey"
2026-03-05,3387.12,,"Notebook ASUS Vivobook 15 Intel Core i5 1334U 8GB RAM 512GB SSD 15,6"" Full HD Windows 11 X1504VA-NJ3957W"
2026-03-05,2834.1,,"Notebook HP 256R G9 Intel Core i3 1315U 8GB 256GB 15,6” Windows 11 Intel UHD Graphics BQ9K8AT#AK4"
2026-03-05,3324.05,,"Notebook HP 256R G9 Intel Core i5 1334U 8GB RAM 256GB SSD 15,6” Windows 11 Intel UHD Graphics BQ9L1AT#AK4"
2026-03-05,3049.0,,"Notebook ASUS Vivobook 15 M1502, AMD Ryzen 7 5825U, 16GB RAM, 512 GB SSD, KeepOS, Tela 15.6, FHD, Cool Silver - M1502YA-NJ612"
2026-03-05,4849.03,,"Notebook Dell Inspiron I15-I1300-M70P 15.6"" Full HD 13ª Gen Intel Core i7 16GB 512GB SSD Win 11 Preto Carbono"
2026-03-05,73.77,,Mochila Masculina Impermeável Faculdade Alça Reforçada Grande - Dazzore
2026-03-05,30.61,,Mouse Sem Fio 2.4 ghz Optico Recarregável Gamer USB Led Rgb Wirelles Usb Notebook - OPEN ZEE
2026-03-05,30.99,,Mouse Optico Sem Fio Recarregável USB Led Rgb Wirelles Usb Note - Prime
2026-03-05,36.44,,Kit Teclado E Mouse Usb Com Fio Basico Preto Multilaser Slim
2026-03-05,47.68,,"Mochila Executiva Notebook Slim Faculdade Trabalho Viagem Passeio Reforçada com Porta USB 15,6'' - Madz"
2026-03-05,299.99,,"SSD Adata SU650, SATA, 240GB, 2.5"", Leitura: 520MB/s e Gravação: 450MB/s, Preto - ASU650SS-240GT-R"
2026-03-05,69.34,,Mochila Masculina Faculdade Impermeável Resistente Grande Alça de Aço - Dazzore
2026-03-05,19.47,,Cabo Carregador Tipo C Android Reforçado 2 Metros Original Inova
2026-03-05,50.39,,Kit teclado e mouse sem fio branco computador notebook brazilpc bpc-5269/3w289
2026-03-05,87.58,,Cartão De Memória 128gb Classe 10 U3 Orbitronic
2026-03-05,45.73,,Copo de Liquidificador Compatível Mondial Turbo Premium Inox L1000 L1100 Preto - Micromax
2026-03-05,39.9,,Copo de Liquidificador Compatível Philips Walita Multiprocessador Ri7625 Power Chop Ri7630 Cristal Preto - Micromax
2026-03-05,174.9,,Aspirador de Pó Vertical WAP Silent Speed Max 1350W 220V
2026-03-05,159.9,,Mixer Britânia BMX400P 3 em 1 500W 110V
2026-03-05,45.73,,Copo para Liquidificador Compatível Mondial Turbo Premium E Inox L1000 L1100 Cristal - Micromax
2026-03-05,49.99,,"Chaleira Elétrica Com Desligamento Automático Em Aço Inoxidável 1,8 Litros Com Base Giratória Linha Premium - BAK/SKYLINK"
2026-03-05,622.17,,Bebedouro de Água Esmaltec de Mesa - Refrigerado por Compressor Stilo Black EGM30
2026-03-05,687.27,,Bebedouro de Água Esmaltec de Coluna Refrigerado por Compressor EGC35B
2026-03-05,409.9,,Cafeteira Nescafé Dolce Gusto Mini Me Preta 220v
2026-03-05,44.48,,Copo de Liquidificador Compatível Britânia B1000 Cristal Tampa Vermelha - Micromax
2026-03-05,413.51,,"Air Fryer Electrolux Family Efficient EAF51 Dark Red 6,5L com Timer"
2026-03-05,399.0,,Cafeteira Expresso Arno Nescafé Dolce Gusto Genio S Basic DGS5 Grafite
2026-03-05,539.91,,Cafeteira Expresso & Cápsulas Philco 20 Bar Inox Red PCF24
2026-03-05,95.95,,Sanduicheira 127V Grill Brunch Elgin
2026-03-05,49.99,,Chaleira Elétrica Portátil 1.8 Litros Aço Inox 110v Ou 220v Para Café Chá Linha Premium - BAK/SKYLINK/NZA/LCK
2026-03-05,519.9,,Air Fryer Mondial Forno Oven AFON-12L-BI Preto e Inox 12L
2026-03-05,239.9,,Air Fryer Mondial Family AFN-40-BI Preto e Inox 4L com Timer
2026-03-05,189.05,,Aspirador de Pó Vertical e Portátil Electrolux Filtro HEPA 1450W Plus STK14 Denim Blue
2026-03-05,521.55,,Panela de Pressão Elétrica 6L Electrolux PCC20 4340AJBR483 Rita Lobo
2026-03-05,17.9,,"Cartucho de tinta HP 667 Preto Original (3YM79AB) Para Impressora Deskjet 2376, 2776, 6476, 5076, 5276"
2026-03-05,29.67,,"Mouse sem fio Logitech M170 com Design Ambidestro Compacto, Conexão USB e Pilha Inclusa - Preto"
2026-03-05,5499.0,,"Notebook Dell Inspiron I15-I1300-A30P 15.6"" Full HD 13ª Gen Intel Core i5 8GB 512GB SSD Win 11 Preto Carbono"
2026-03-05,32.29,,Parafus/Furad Bat 12v Pfv012i C/Imp Vd
2026-03-05,9.99,,Controle Tv Remoto Philco Smart Todas Prime Video Netlix Globoplay - Mb
2026-03-05,9.99,,Controle Remoto Smart Tv 4k Compatível Com Samsung - Sky
2026-03-05,1759.12,,Smart TV AOC 50 DLED Roku 4K WiFi HDR 50U704578G
2026-03-05,58.33,,Antena Interna Para Tv Digital Amplificada 1080 Hdtv Cabo 3m - LELONG
2026-03-05,6174.05,,"Smart TV 75"" Samsung Ultra 4K QLED QN75Q7FAAGXZD Tizen Q4 AI 3 HDMI"
2026-03-05,16.01,,Suporte TV Fixo Universal Para TV 32 42 43 50 52 55 60 65 75 90 100 Polegadas - Brasforma
2026-03-05,699.0,,TV Philco 32 P32EDA HD LED USB Multi Media Player Não Smart
2026-03-05,138.69,,Aparelho de Karaokê DVD Player Mondial D-20
2026-03-05,46.74,,Suporte Articulado de Parede para TV 14 a 55 Polegadas LED LCD Smart Universal Até 50 Kg Aço Reforçado Kit Parafusos Inclusos - Yara
2026-03-05,2339.9,,Smart TV LG 50 4K Wi-Fi 50UA8550PSA Comando de Voz
2026-03-05,414.81,,Forno Elétrico Philco 50L PFE52P Dupla Resistência
2026-03-05,701.1,,Microondas ST66N 34 Litros Panasonic
2026-03-05,345.51,,Forno Elétrico Philco PFE44P Dupla Resistência 44L
2026-03-05,3254.07,,Geladeira Electrolux Frost Free com AutoSense 431L Efficient Duplex Inox Look (TF70S)
2026-03-05,889.0,,Fogão 4 Bocas Atlas Tropical Glass com Mesa de Vidro Bivolt - Atlas Eletrodomésticos
2026-03-05,349.0,,Cooktop Itatiaia Essencial 5 Bocas Vidro Preto Bivolt 3700000193
2026-03-05,47.22,,Controle Sem Fio Compatível Para Ps3 Pc Joystick Manete Cor Preto Mais Cabo de Carregamento - Doubleshock
2026-03-05,398.97,,"Controle Sony DualSense PS5, Sem Fio, Branco - 3005767"
2026-03-05,56.69,,Controle Video Game Xbx 360 Com Fio Joystick E Pc - Pah
2026-03-05,398.97,,"Controle Sony DualSense PS5, Sem Fio, Midnight Black - 3006452"
2026-03-05,398.97,,"Controle Sony DualSense PS5, Sem Fio, Starlight Blue - 3006454"
2026-03-05,34.31,,Porta Carrinhos Hot Wheels Expositor 50 Carrinhos Madeira Mdf Colecionaveis - Grupo Paraiso MDF
2026-03-05,71.05,,"Controle Gamer para PC, SmartTV e Console Wireless Bluetooth - Gamers E-Sports & Entretenimento - MZTech"
2026-03-05,422.1,,Controle sem Fio DualSense Midnight Black PS5 Sony PlayStation
2026-03-05,359.1,,Controle Sem Fio PS5 DualSense Branco Original Sony
2026-03-05,1799.0,,"Volante Logitech G29 Driving Force para PS5, PS4, PS3 e PC - 941-000111"
2026-03-05,2099.9,,"Console Nintendo Switch + Joy-Con Neon + Mario Kart 8 Deluxe + 3 Meses de Assinatura Nintendo Switch Online, Azul e Vermelho - HBDSKABL2"
2026-03-05,889.0,,"Monitor Gamer AOC 27"" Full HD 180Hz Gaming G4 27G4/P HDMI DisplayPort Base Ajustável"
2026-03-05,2099.99,,"Monitor Gamer Curvo LG UltraGear 34"", 2K WQHD, UltraWide, 160Hz, 1ms, FreeSync Premium, HDR10, Som Integrado - 34GP63A-B"
2026-03-05,1774.8,,Computador PC Gamer Completo TOB Intel Core i5 SSD 480GB 16GB Teclado Mouse Mouse Pad e Headset Gamer Monitor 23 Windows 11 Pro Trial - TOB COMPUTERS
2026-03-05,1631.7,,Computador PC Gamer Completo TOB Intel Core i5 SSD 480GB 16GB Teclado Mouse Mouse Pad e Headset Gamer Monitor 19 Windows 11 Pro Trial - TOB COMPUTERS
2026-03-05,1260.0,,Computador PC Gamer Completo TOB Intel Core i5 SSD 240GB 8GB Teclado Mouse Mouse Pad e Headset Gamer Monitor 19 Windows 11 Pro Trial - TOB COMPUTERS
2026-03-05,559.0,,"Kindle 16 GB (Geração mais recente) - Leve e compacto, com tela antirreflexo, trocas de página mais rápidas, luz frontal ajustável e bateria de longa duração - Cor Preta"
2026-03-05,849.0,,"Kindle Paperwhite 16 GB (Geração mais recente) - O Kindle mais rápido já lançado, com nova tela antirreflexo de 7” e bateria que dura semanas - Cor Preta"
2026-03-05,959.0,,"Kindle Paperwhite Signature Edition 32 GB (Geração mais recente) - O Kindle mais rápido já lançado, com luz frontal autoadaptável, carregamento sem fio e bateria que dura semanas - Cor Preta Metálica"
2026-03-05,379.0,,Echo Pop (Geração mais recente) | Smart speaker compacto com som envolvente e Alexa | Cor Preta
2026-03-05,53.09,,Travesseiro Nasa Master Antialérgico Anatomico e Não Aquece Com Calor Corporal - Master Comfort
2026-03-05,8.99,,"Tapete de Banheiro Antiderrapante com Ventosas para Box e Banho 65x33cm Segurança, Conforto e Estabilidade - Tapete para Banheiro"
2026-03-05,44.99,,Travesseiro Peletizado Anti Stress Master Comfort 50X70cm Macio Confortável Lavável
2026-03-05,66.78,,Travesseiro Para Ronco Dor Cervical Postura Apneia do Sono Magnético Pastilhas IVL - Pillowmanta
2026-03-05,41.32,,Travesseiro Soft Antialergico Fibra Siliconada Kit 4 Und - ARTE CAZZA
2026-03-05,45.91,,Travesseiro Nasa Visco Elástico 50x70 Antialergico Antiácaro Comfort Nasa - Master Comfort
2026-03-05,27.2,,Jogo de lençol casal queen 3 pçs microfibra estampas sortidas 1 - Relíquias do Interior
2026-03-06,45.73,,Copo de Liquidificador Compatível Mondial Turbo Premium Inox L1000 L1100 Preto - Micromax
2026-03-06,39.9,,Copo de Liquidificador Compatível Philips Walita Multiprocessador Ri7625 Power Chop Ri7630 Cristal Preto - Micromax
2026-03-06,174.9,,Aspirador de Pó Vertical WAP Silent Speed Max 1350W 220V
2026-03-06,45.73,,Copo De Liquidificador Philco Ph900 Cristal Tampa Preta - Micromax
2026-03-06,159.9,,Mixer Britânia BMX400P 3 em 1 500W 110V
2026-03-06,45.73,,Copo para Liquidificador Compatível Mondial Turbo Premium E Inox L1000 L1100 Cristal - Micromax
2026-03-06,49.99,,"Chaleira Elétrica Com Desligamento Automático Em Aço Inoxidável 1,8 Litros Com Base Giratória Linha Premium - BAK/SKYLINK"
2026-03-06,94.91,,Ferro de Passar Roupa a Vapor Mondial - Lar FVN-01-G Branco e Verde
2026-03-06,409.9,,Cafeteira Nescafé Dolce Gusto Mini Me Preta 220v
2026-03-06,44.48,,Copo de Liquidificador Compatível Britânia B1000 Cristal Tampa Vermelha - Micromax
2026-03-06,413.51,,"Air Fryer Electrolux Family Efficient EAF51 Dark Red 6,5L com Timer"
2026-03-06,399.0,,Cafeteira Expresso Arno Nescafé Dolce Gusto Genio S Basic DGS5 Grafite
2026-03-06,539.91,,Cafeteira Expresso & Cápsulas Philco 20 Bar Inox Red PCF24
2026-03-06,95.95,,Sanduicheira 127V Grill Brunch Elgin
2026-03-06,49.99,,Chaleira Elétrica Portátil 1.8 Litros Aço Inox 110v Ou 220v Para Café Chá Linha Premium - BAK/SKYLINK/NZA/LCK
2026-03-06,418.41,,Bebedouro de Água Electrolux Branco com Refrigeração Eletrônica (BE11B)
2026-03-06,519.9,,Air Fryer Mondial Forno Oven AFON-12L-BI Preto e Inox 12L
2026-03-06,239.9,,Air Fryer Mondial Family AFN-40-BI Preto e Inox 4L com Timer
2026-03-06,189.05,,Aspirador de Pó Vertical e Portátil Electrolux Filtro HEPA 1450W Plus STK14 Denim Blue
2026-03-06,521.55,,Panela de Pressão Elétrica 6L Electrolux PCC20 4340AJBR483 Rita Lobo
2026-03-06,169.9,,Liquidificador Oster 1400 Full OLIQ610 Preto 15 Velocidades + Pulsar 1400W
2026-03-06,94.91,,Liquidificador Mondial Turbo Power L-99 FB Preto com Filtro 3 Velocidades 550W
2026-03-06,529.9,,Aspirador de Pó Vertical Sem Fio Electrolux Ergorapido 2 em 1 Cyclone até 21 min Branco (ERG21)
2026-03-06,44.99,,Escova Secadora Profissional Seca Alisa E Modela Cabelo Com Cabo - Dfjn
2026-03-06,60.38,,Cicatricure Creme para Rugas 50g
2026-03-06,9.98,,Spray Borrifador Pulverizador de Óleo Azeite e Vinagre Vidro 200ml Cozinha Temperar Salada Churrasco - Spray de Azeite
2026-03-06,37.91,,Maquiagem Capilar A Prova De Agua Suor Resistente Pó Cabelo Barba Correção de Falhas - Sev
2026-03-06,23.85,,Deo Colônia Cebolinha 25ml - Jequiti
2026-03-06,172.94,,Widi Care Juba Kit - Creme de Pentear + Máscara + Geléia + Shampoo
2026-03-06,60.11,,Aparelho De Barbear Depilador Elétrico 3 Em 1 - Recarregável Kemei Shaver KM-6776
2026-03-06,44.05,,Tío Nacho Shampoo Antigrisalho 415ml - Tio Nacho
2026-03-06,129.9,,Chapinha/Prancha de Cabelo Taiff Cerâmica 180°C
2026-03-06,53.01,,Gloss Liphoney Fran by Franciny Ehlke Gloss de Mel
2026-03-06,20.76,,Máscara de Hidratação Pantene Pro-V 270ml
2026-03-06,50.98,,Goicoechea Diabetx
2026-03-06,60.38,,Cicatricure Gel 60 g
2026-03-06,197.1,,Chapinha de Cabelo Prancha Taiff Style Pro Titanium 230ºC Bivolt
2026-03-06,22.97,,Máscara de Hidratação Pantene Pro-V Miracles Colágeno Hidrata e Resgata 550ml
2026-03-06,279.9,,Armário Lavanderia 2 Portas com Espaço para Vassouras Multiuso com Rodinhas Móveis Bonatto
2026-03-06,59.9,,Mesas Redonda De Canto Lateral Retro Pe Palito - Kelan
2026-03-06,369.9,,Cozinha Completa Compacta Armário Multiuso com Gaveta Organizadora 5 Portas Móveis Bonatto
2026-03-06,24.0,,Base Suporte Com Rodinhas Para Geladeira Fogão Maquina De Lavar Sofá Móvel - Jodi
2026-03-06,27.96,,Sapateira 10 Andares Vertical Grande Organizador de Sapatos Tênis Chinelos Multiuso Entrada Hall Quarto Closet Prática Resistente - Importado
2026-03-06,214.9,,Armário Aereo 3 Portas com Nicho Cozinha Compacta Modular - Móveis Bonatto
2026-03-06,654.49,,Armário de Cozinha Compacta Rustic/Preto Emilly Pop Madesa XA
2026-03-06,671.49,,Conjunto Sala de Jantar Mesa Tampo de Madeira 6 Cadeiras Rustic/Crema/Bege Jaíne Madesa
2026-03-06,1091.91,,Guarda-roupa Casal com Espelho 4 Portas 6 Gavetas Araplac Atraente Sofia
2026-03-06,560.99,,Sapateira Madesa Isis 1 Porta com Espelho
2026-03-06,1359.99,,Armário de Cozinha Completa Suspenso 260cm Cinza Nice Madesa 10
2026-03-06,395.91,,Conjunto de Gabinete Banheiro 80cm com Cuba e Espelheira - - MOVEIS JOIA
2026-03-06,413.6,,Conjunto Gabinete Banheiro CROSS 60cm - Gabinete + Cuba + Espelheira - MOVEIS JOIA
2026-03-06,997.41,,Sofá-cama Casal 3 Lugares Reclinável Matrix Laila
2026-03-06,125.99,,"Bravecto® Cães 250mg - Antipulgas e Carrapatos - Cães de 4,5 a 10kg - 1 Comp. Mastigável - MSD Saúde Animal"
2026-03-06,84.99,,"Chalesco Tapete Higiênico Premium para Cães 90 x 60 cm – Super Absorção, Controle de Odores e Base Antivazamento | 50 Unidades"
2026-03-06,124.64,,whiskas Ração Whiskas Carne Para Gatos Adultos 10 1 Kg
2026-03-06,46.07,,Pack Ração Úmida Whiskas Sachê Carne ao Molho para Gatos Adultos - Leve 20 Pague 16
2026-03-06,135.15,,"whiskas Ração Whiskas Para Gatos Adultos Castrados Sabor Carne - 10,1Kg"
2026-03-06,68.76,,"NexGard Antipulgas e Carrapatos para Cães de 4,1 a 10kg, 1 tablete"
2026-03-06,70.97,,Scalibor® 19g - Coleira Antiparasitária contra mosquitos vetores da Leishmaniose - Cães porte médio 48cm - MSD Saúde Animal
2026-03-06,46.07,,Pack Ração Úmida Whiskas Sachê Frango ao Molho para Gatos Adultos - Leve 20 Pague 16
2026-03-06,63.86,,Blue Premium Tapete Higiênico Para Cães 30 Unidades
2026-03-06,56.04,,Tapete Higiênico Premium para cães Petlike Ultrapads Aroma Lavanda 80cmx60cm 30 unid.
2026-03-06,12.42,,O homem mais rico da Babilônia
2026-03-06,24.46,,A paciente silenciosa
2026-03-06,29.0,,Como se tornar sobrenatural: pessoas comuns realizando o extraordinário
2026-03-06,28.0,,O sol é para todos
2026-03-06,32.45,,Nunca minta
2026-03-06,38.63,,Murdoku: 80 mistérios para resolver usando a lógica
2026-03-06,29.0,,O segredo da empregada (A empregada – Livro 2)
2026-03-06,69.9,,A Biblioteca da Meia-Noite: 1
2026-03-06,29.9,,"Com amor, mamãe"
2026-03-06,50.7,,Verity
2026-03-06,89.0,,Sanduicheira Elétrica Cadence Click - 127V
2026-03-06,65.6,,Conjunto de Bowls Tigelas de Inox com Tampa Plástica Electrolux
2026-03-06,52.0,,Filtro/Refil Original de Água Acqua Pure para Purificador Electrolux PE12A/PE12B/PE12G/PE12V/PE12P
2026-03-06,85.41,,Electrolux Kit 12 Potes Herméticos de Plástico Retangulares
2026-03-06,8.73,,LYOR - Mini Mixer Misturador Elétrico para Bebidas - Inox e Plástico Branco - Eficiente e Compacto para Batidas e Misturas Rápidas
2026-03-06,55.24,,Gato Panda KIT 5 Potes de Vidro Retangular com Tampa Hermética 640ml Branco ou Azul
2026-03-06,169.89,,"Liquidificador 1400 Full Oster Preto 3,2L - 127V"
2026-03-06,171.9,,Garrafa térmica Quick Flip Stanley|710ml
2026-03-06,168.12,,"Panela de Pressão Tramontina Vancouver Effect em Alumínio com Revestimento Interno e Externo em Antiaderente Starflon Max Preto 20 cm 4,5 L"
2026-03-06,115.99,,"Mixer Power Inox 3 em 1 600W Elgin Lunar 110V - Mixer, triturador e batedor"
2026-03-06,27.4,,"Tramontina JOGO FACAS INOX 4PC PLENUS PRE, Preto"
2026-03-06,630.6,,Purificador de Água Gelada Fria e Natural Elétrico Compacto Eletronico placa Electrolux Filtro refil 6 meses ou 3000l Painel Touch Bivolt Grafite PE12G
2026-03-06,47.0,,"Agratto 784 - Chaleira Eletrica Inox, 220v, 1,8 Litro, Preto/inox"
2026-03-06,449.0,,"Batedeira Planetária Oster Bowl Inox III, OBAT641, 220V"
2026-03-06,18.51,,"Argan Óleo Reparador 50ml , Lola Cosmetics"
2026-03-06,32.9,,"L'Oréal Paris Elseve Óleo Extraordinário Finalizador Capilar, Nutrição Profunda com 6 Óleos Preciosos, Anti-Frizz, Proteção Térmica até 230°C, Brilho Intenso para Todos os Tipos de Cabelo, 100ml"
2026-03-06,65.1,,La Roche-Posay Cicaplast Baume B5+ Cuidado Multirreparador Calmante
2026-03-06,51.09,,Hada Labo® Gokujyun Oil Cleasing - Óleo de limpeza facial demaquilante com Ácido Hialurônico 200ml
2026-03-06,17.0,,"Danos Vorazes Óleo Reparador 50ml , Lola Cosmetics"
2026-03-06,19.9,,"PAYOT Sabonete Liquido Detox, Vitamina C, 220 Ml"
2026-03-06,21.04,,Rexona Antitranspirante Aerossol Active Dry Men 250 ml
2026-03-06,29.9,,"NIVEA Sabonete Líquido Óleo de Banho 200ml, Limpeza Corporal, Pele Macia, 55% Óleos Naturais, Sensação Hidratante"
2026-03-06,82.55,,"CeraVe, Loção Hidratante Corporal, com textura Fluida e Ácido Hialurônico"
2026-03-06,1286.07,,"Smartphone Realme C75x 8gb RAM 256gb Dual Sim NFC Tela 6.67"" Prova d'água resistente a queda - Azul"
2026-03-06,149.51,,Relógio Smartwatch Digital Pro Series 9 Nfc Gps 47mm Lançamento - 01Smart
2026-03-06,46.19,,Relógio Smart Watch Digital D20 Masculino / Feminino + Fone Bluetooth Sem Fio - 01Smart
2026-03-06,31.59,,Relogio Smartwatch Feminino Masculino D20 Fit Pro Inteligente Oferta - 01Smart
2026-03-06,3689.1,,"Smartphone Samsung Galaxy Z Flip7 FE 128GB Preto 5G 8GB RAM Tela 6,7"" Câm. Dupla de 50MP Galaxy AI"
2026-03-06,48.7,,Relógio Smart Watch Digital D20 Masculino / Feminino C/ Fone de Ouvido Sem Fio - 01Smart
2026-03-06,1619.1,,"Smartphone Samsung Galaxy A36 256GB 5G 8GB RAM Branco 6,7"" Câm. Tripla + Selfie 12MP"
2026-03-06,26.31,,Relógio Smart Watch Digital D20 Original Masculino E Feminino - 01Smart
2026-03-06,39.55,,Carregador Turbo Tipo - C Fonte 45W + Cabo Compatível com Samsung Galaxy Carga Ultra Rápida - Hoco
2026-03-06,26.31,,Fone De Ouvido S/fio Bluetooth Garantia Original Nota Fiscal - 01Smart
2026-03-06,331.55,,Caixa de Som Amplificada Bluetooth Vivensis Vibe Sound V8 Power 340W USB
2026-03-06,27.18,,Fone De Ouvido Sem Fio Bluetooth F9-5 Touch Display Led - TWS
2026-03-06,60.19,,Fone De Ouvido Sem Fio Bluetooth Touch TWS + Smartwach Y8
2026-03-06,50.26,,Fone de Ouvido Bluetooth Sem Fio 3ª Geração 13 Pro Branco - Pro 13
2026-03-06,99.9,,Fone de Ouvido Sem Fio Lenovo LP40 Bluetooth 5.0
2026-03-06,27.18,,Fone De Ouvido Sem Fio Bluetooth F9-5 Carregador de Celular - TWS
2026-03-06,532.22,,Caixa Amplificada Mondial CM-400 400W Bluetooth USB Rádio FM
2026-03-06,74.96,,Fone De Ouvido Sem Fio Kaidi 771 Bluetooth 5.1 Original - KD
2026-03-06,677.97,,Caixa de Som Torre AMVOX ACA 1000 NEW X - Bluetooth 1000W RMS Amplificada
2026-03-06,2184.05,,Caixa de Som JBL PartyBox Encore 2 Bluetooth Amplificada Portátil 100W
2026-03-06,175.52,,Fone de Ouvido Sem Fio QCY T13 TWS 4 Mics Controle Por Toque e Bluetooth 5.1
2026-03-06,27.63,,"Fone de Ouvido Wireless Bluetooth InPods Branco Compatível com iOS, Android e Notebook Som de Alta Qualidade - Woofs"
2026-03-06,130.38,,Fone de Ouvido Sem Fio QCY T1C TWS Bluetooth 5.1 Case 380 mAh
2026-03-06,371.99,,Faqueiro Tramontina Original AÇo Inox 91 Pcs Laguna - TRAMONTINA INOX
2026-03-06,30.96,,Escorredor De Louca Cozinha 13 Pratos Copo Duplo 2 Andares Porta Talheres - MetalTru
2026-03-06,275.39,,Panela De Pressão Tramontina 6 Litros Vancouver Effect Fechamento Externo Antiaderente
2026-03-06,36.0,,Jogo Kit Com 12 Peças Utensílios De Cozinha Colheres Espatulas Pegador Silicone Copo Suporte - Jodi
2026-03-06,8.99,,"Borrifador de Azeite e Óleo 100ml em Vidro Spray Pulverizador Gourmet para Cozinha, Salada, Churrasco e Temperos - Importado"
2026-03-06,42.61,,Kit 3 Cestos Organizadores de Bambu Multiuso com Forro - KONTUZ
2026-03-06,51.79,,"Panela Frigideira Com Cesto de Fritura Fritadeira Esmaltada Fritatudo 20cm 1,5 Litros Roa"
2026-03-06,54.95,,"Panela de Pressao Pequena 2,5 Litros Polida -P - Fort-Lar"
2026-03-06,53.91,,Pipoqueira Antiaderente 20cm 4L Cereja Nacional - Alumínio Nacional
2026-03-06,484.9,,Jogo de Panelas Brinox Revestimento Cerâmico Preto 5 Peças Carbon Ceramic Life
2026-03-06,2510.58,,"Notebook ASUS Vivobook 15 X1504VA Intel Core i5 1334U 4GB Ram 256Gb SSD Linux KeepOS Tela 15,6"" LED FHD Silver - NJ1726"
2026-03-06,5489.1,,"Notebook Gamer Acer Nitro V15 Intel Core i5 512GB SSD 16GB RAM 15,6"" Full HD Linux Gutta 144Hz IPS RTX 3050 6GB ANV15-51-582R"
2026-03-06,3049.66,,"Notebook Asus Vivobook Go 15, Intel Core i3-N305, 8GB/512 SSD W11 Home Tela 15.6"" FHD, Cool Silver - E1504GA-NJ435W"
2026-03-06,1829.52,,"Notebook ASUS Vivobook Go 15 Intel Celeron 4GB RAM 128GB eMMC 15,6"" UHD Rosa Windows 11+ Microsoft 365 Personal Office E510KA-BR833WS"
2026-03-06,2983.68,,Notebook ASUS Vivobook Go 15 Intel Core i3 N305 8GB RAM SSD 256GB Full HD Windows 11 E1504GA-NJ434W
2026-03-06,1349.1,,"Notebook Multi Ultra UB251 4GB RAM 128GB eMMC 14"" HD Windows 11 UB251 + Mouse Sem Fio"
2026-03-06,1829.52,,"Notebook ASUS Vivobook Go 15 Intel Celeron 4GB RAM 128GB eMMC 15,6"" UHD Star Black Windows 11+ Microsoft 365 Personal Office E510KA-BR808WS"
2026-03-06,3419.1,,"Notebook Acer Aspire Go Intel Core i5 13420H 8GB RAM 512GB SSD 15,6"" Full HD Windows 11 AG15-71P-53GM"
2026-03-06,3509.1,,"Notebook Dell Inspiron 15 I15-I3100-A15P Intel Core 3 8GB RAM 512GB SSD 15,6"" Full HD Windows 11 I15-I3100-A15P"
2026-03-06,2069.1,,"Notebook Samsung Galaxy Book Go, Windows 11 Home, Snapdragon 7c, 4GB, 128GB, 14'' Full HD LED, Copilot integrado"
2026-03-06,3149.1,,"Notebook ASUS Vivobook Go 15 AMD Ryzen 5 7520U 8GB RAM 512GB SSD 15,6"" Full HD Windows 11 E1504FA-NJ836W"
2026-03-06,3387.12,,"Notebook ASUS Vivobook 15 Intel Core i5 1334U 8GB RAM 512GB SSD 15,6"" Full HD Windows 11 X1504VA-NJ3957W"
2026-03-06,2834.1,,"Notebook HP 256R G9 Intel Core i3 1315U 8GB 256GB 15,6” Windows 11 Intel UHD Graphics BQ9K8AT#AK4"
2026-03-06,2903.12,,"Notebook Lenovo IdeaPad 1 15IRU7 Intel Core i3-1315U 8GB 256GB SSD Linux 15.6"" - 83QJS00000 Cloud Grey"
2026-03-06,3324.05,,"Notebook HP 256R G9 Intel Core i5 1334U 8GB RAM 256GB SSD 15,6” Windows 11 Intel UHD Graphics BQ9L1AT#AK4"
2026-03-06,3049.0,,"Notebook ASUS Vivobook 15 M1502, AMD Ryzen 7 5825U, 16GB RAM, 512 GB SSD, KeepOS, Tela 15.6, FHD, Cool Silver - M1502YA-NJ612"
2026-03-06,3539.53,,"Notebook Dell Inspiron 15.6"" Full HD Intel Core 3-100U 8GB 512GB SSD Linux Preto Carbono I15-I3100-U15P"
2026-03-06,73.77,,Mochila Masculina Impermeável Faculdade Alça Reforçada Grande - Dazzore
2026-03-06,30.61,,Mouse Sem Fio 2.4 ghz Optico Recarregável Gamer USB Led Rgb Wirelles Usb Notebook - OPEN ZEE
2026-03-06,27.89,,Mouse Optico Sem Fio Recarregável USB Led Rgb Wirelles Usb Note - Prime
2026-03-06,36.44,,Kit Teclado E Mouse Usb Com Fio Basico Preto Multilaser Slim
2026-03-06,47.68,,"Mochila Executiva Notebook Slim Faculdade Trabalho Viagem Passeio Reforçada com Porta USB 15,6'' - Madz"
2026-03-06,299.99,,"SSD Adata SU650, SATA, 240GB, 2.5"", Leitura: 520MB/s e Gravação: 450MB/s, Preto - ASU650SS-240GT-R"
2026-03-06,69.34,,Mochila Masculina Faculdade Impermeável Resistente Grande Alça de Aço - Dazzore
2026-03-06,19.47,,Cabo Carregador Tipo C Android Reforçado 2 Metros Original Inova
2026-03-06,50.39,,Kit teclado e mouse sem fio branco computador notebook brazilpc bpc-5269/3w289
2026-03-06,87.58,,Cartão De Memória 128gb Classe 10 U3 Orbitronic
2026-03-06,29.61,,Mochila Mala Reforçada Notebook Impermeável Escolar Trabalho Oferta - New Bag
2026-03-06,65.9,,Teclado com fio USB Logitech K120 Resistente à Respingos e Layout ABNT2 -920-004423
2026-03-06,24.61,,Mouse Gamer 6 Botões 2400DPI LED Com Fio para Jogos - Aston
2026-03-06,52.0,,pendrive 64 gb kingston usb 3.2 preto com azul
2026-03-06,62.99,,Filtro de linha dps iclamper 5 tomadas lcf transparente
2026-03-06,75.05,,Ferro de Passar Roupa a Seco Mondial FSN-55-W Branco
2026-03-06,81.61,,Liquidificador Mondial Easy Power L-550-W Branco 2 Velocidades 550W
2026-03-06,239.9,,Aspirador de Pó e Água Electrolux 1400W Acqua Power Preto e Amarelo AQP20
2026-03-06,104.41,,Sanduicheira/Grill Britânia Press BGR27I 2 em 1 Prata 850W Antiaderente
2026-03-06,151.05,,Aspirador de Pó Vertical Karcher Stick 2 em 1 com Filtro HEPA 1000W Branco
2026-03-06,69.9,,"Cartucho de tinta HP 667 Preto Original (3YM79AB) Para Impressora Deskjet 2376, 2776, 6476, 5076, 5276"
2026-03-06,50.21,,"Mouse sem fio Logitech M170 com Design Ambidestro Compacto, Conexão USB e Pilha Inclusa - Preto"
2026-03-06,323.88,,HD Externo Toshiba 1TB Canvio Basics Preto HDTB510XK3AA
2026-03-06,1049.9,,"Epson EcoTank L3250 - Multifuncional, Tanque de Tinta Colorida, Wi-Fi Direct, USB, Bivolt, Preto"
2026-03-06,55.74,,"Cartucho de Tinta HP 664 Preto Original (F6V29AB) Para Impressora Deskjet 2136, 2676, 3776, 5076, 527"
2026-03-06,829.0,,"Impressora Epson EcoTank L1250 - Tanque de Tinta Colorida, Wi-Fi Direct, Comando de voz, Bivolt, Cor: Preto"
2026-03-06,179.0,,"Kit de Garrafas de Tinta Original Epson EcoTank T544 - Magenta, Amarelo, Ciano, Preto"
2026-03-06,39.9,,Pen Drive Twist 64GB USB com Leitura até 10MB/s e Gravação até 3MB/s Preto Multi - PD590
2026-03-06,157.88,,"Havit Fone de Ouvido Headset Gamer Fuxi-H3 Black Com Fio e Sem Fio, Wireless 2,4GHz, Bluetooth, Cabo USB-C"
2026-03-06,159.0,,"ELG, F80N, Suporte Articulado de Mesa, Pistão a Gás, Design Compacto e Retrátil, Ergonômico, Monitores 17'' a 35'', 2kg a 9kg, Preto"
2026-03-06,100.9,,Sparta Maleta de ferramentas kit com 129 peças
2026-03-06,36.49,,WD-40 Produto Multiusos - Embalagem Aerossol 300ml
2026-03-06,24.44,,"Scotch, 3M, Fixa Forte, Fita Dupla Face, Fixação Extrema, 24mm x 2m"
2026-03-06,119.99,,"WAP Parafusadeira e Furadeira à Bateria 12V BPF-12K3, Kit de 13 Acessórios e Maleta, Empunhadura Emborrachada, Bivolt"
2026-03-06,5.09,,"Atlas - Fita Crepe, Rolo de 18 mm x 50 Metros"
2026-03-06,22.7,,Force Line - Extensão Slim 3 Tomadas Tripolar Bivolt 3 Metros Branco
2026-03-06,165.0,,"Carrinho de Transporte Dobrável 150kg - Preto, Resistente e Portátil para Serviço Pesado"
2026-03-09,269.0,,"Fire TV Stick HD (Geração mais recente) | Com controle remoto por voz com Alexa (inclui comandos de TV), controles de casa inteligente e streaming em HD"
2026-03-09,28.83,,Pilha Alcalina AAA com 16 unidades Elgin Palito
2026-03-09,4949.1,,Apple iPhone 16 (256 GB) – Preto
2026-03-09,2199.12,,"Galaxy Tab S10 Lite, 128GB, Tela 10.9"", WIFI, Cinza"
2026-03-09,819.0,,Smart TV 32” Philco PTV32K34RKGB Roku TV Led Dolby Audio
2026-03-09,75.51,,"Cartucho de tinta HP 667 Preto Original (3YM79AB) Para Impressora Deskjet 2376, 2776, 6476, 5076, 5276"
2026-03-09,57.9,,"Mouse sem fio Logitech M170 com Design Ambidestro Compacto, Conexão USB e Pilha Inclusa - Preto"
2026-03-09,1089.0,,"Epson EcoTank L3250 - Multifuncional, Tanque de Tinta Colorida, Wi-Fi Direct, USB, Bivolt, Preto"
2026-03-09,449.69,,HD Externo Toshiba 1TB Canvio Basics Preto HDTB510XK3AA
2026-03-09,500.0,,Monitor PC Gamer LG 24MS500 24” IPS 100Hz Full HD HDMI 2x
2026-03-09,24.44,,"Scotch, 3M, Fixa Forte, Fita Dupla Face, Fixação Extrema, 24mm x 2m"
2026-03-09,119.99,,"WAP Parafusadeira e Furadeira à Bateria 12V BPF-12K3, Kit de 13 Acessórios e Maleta, Empunhadura Emborrachada, Bivolt"
2026-03-09,100.9,,Sparta Maleta de ferramentas kit com 129 peças
2026-03-09,36.49,,WD-40 Produto Multiusos - Embalagem Aerossol 300ml
2026-03-09,165.0,,"Carrinho de Transporte Dobrável 150kg - Preto, Resistente e Portátil para Serviço Pesado"
2026-03-09,85.41,,Electrolux Kit 12 Potes Herméticos de Plástico Retangulares
2026-03-09,92.9,,Sanduicheira Elétrica Cadence Click - 127V
2026-03-09,59.9,,Filtro/Refil Original de Água Acqua Pure para Purificador Electrolux PE12A/PE12B/PE12G/PE12V/PE12P
2026-03-09,55.24,,Gato Panda KIT 5 Potes de Vidro Retangular com Tampa Hermética 640ml Branco ou Azul
2026-03-09,179.0,,Stanley Garrafa Térmica Aerolight Fast Flow Black | 710ml
2026-03-09,559.0,,"Kindle 16 GB (Geração mais recente) - Leve e compacto, com tela antirreflexo, trocas de página mais rápidas, luz frontal ajustável e bateria de longa duração - Cor Preta"
2026-03-09,559.0,,"Echo Show 5 (Geração mais recente) | Smart display com Alexa, graves 2x mais potentes e som mais nítido | Cor Preta"
2026-03-09,849.0,,"Kindle Paperwhite 16 GB (Geração mais recente) - O Kindle mais rápido já lançado, com nova tela antirreflexo de 7” e bateria que dura semanas - Cor Preta"
2026-03-09,429.01,,"Echo Dot (Geração mais recente) | Smart speaker com Alexa, som vibrante e potente, Wi-Fi e Bluetooth | Cor Azul"
2026-03-09,379.0,,Echo Pop (Geração mais recente) | Smart speaker compacto com som envolvente e Alexa | Cor Preta
2026-03-10,125.99,,"Bravecto® Cães 250mg - Antipulgas e Carrapatos - Cães de 4,5 a 10kg - 1 Comp. Mastigável - MSD Saúde Animal"
2026-03-10,84.99,,"Chalesco Tapete Higiênico Premium para Cães 90 x 60 cm – Super Absorção, Controle de Odores e Base Antivazamento | 50 Unidades"
2026-03-10,52.0,,Pack Ração Úmida Whiskas Sachê Carne ao Molho para Gatos Adultos - Leve 20 Pague 16
2026-03-10,56.0,,Scalibor® 25g - Coleira Antiparasitária contra mosquitos vetores da Leishmaniose - Cães porte grande 65cm - MSD Saúde Animal
2026-03-10,65.4,,"NexGard Antipulgas e Carrapatos para Cães de 4,1 a 10kg, 1 tablete"
2026-03-10,12.42,,O homem mais rico da Babilônia
2026-03-10,24.46,,A paciente silenciosa
2026-03-10,49.1,,Verity
2026-03-10,31.4,,Nunca minta
2026-03-10,29.0,,Como se tornar sobrenatural: pessoas comuns realizando o extraordinário
2026-03-10,85.41,,Electrolux Kit 12 Potes Herméticos de Plástico Retangulares
2026-03-10,89.0,,Sanduicheira Elétrica Cadence Click - 127V
2026-03-10,71.15,,Filtro/Refil Original de Água Acqua Pure para Purificador Electrolux PE12A/PE12B/PE12G/PE12V/PE12P
2026-03-10,179.0,,Stanley Garrafa Térmica Aerolight Fast Flow Black | 710ml
2026-03-10,55.24,,Gato Panda KIT 5 Potes de Vidro Retangular com Tampa Hermética 640ml Branco ou Azul
2026-03-10,178.84,,"Liquidificador 1400 Full Oster Preto 3,2L - 127V"
2026-03-10,76.0,,"Stanley - Copo de cerveja isolado, copo empilhável Stay Chill de 473 ml, para bebidas quentes ou frias"
2026-03-10,17.4,,Dolce Gusto Mochaccino Em Cápsula Avelã Nescafé Caixa 170G 10 Unidades
2026-03-10,134.9,,"Mixer Power Inox 3 em 1 600W Elgin Lunar 110V - Mixer, triturador e batedor"
2026-03-10,634.9,,Purificador de Água Gelada Fria e Natural Elétrico Compacto Eletronico placa Electrolux Filtro refil 6 meses ou 3000l Painel Touch Bivolt Grafite PE12G
2026-03-10,269.0,,"Fire TV Stick HD (Geração mais recente) | Com controle remoto por voz com Alexa (inclui comandos de TV), controles de casa inteligente e streaming em HD"
2026-03-10,28.83,,Pilha Alcalina AAA com 16 unidades Elgin Palito
2026-03-10,4948.9,,Apple iPhone 16 (256 GB) – Preto
2026-03-10,99.9,,Duracell Pilhas Alcalinas AA Pequena Pack 24 Unidades – Dura até 10x Mais – Ideal para Controle de Videogame e Brinquedos
2026-03-10,1169.1,,"Celular Samsung Galaxy A17, 256GB, 8GB, 50MP Tela 6.7"", IP54 - Cinza"
2026-03-10,599.0,,"Smartphone Motorola Moto g06-128GB 12GB (4GB RAM + 8GB Ram Boost) e Camera 50MP com AI Bateria de 5200 mAh Tela 6.9"" - Azul Marinho"
2026-03-10,2339.1,,"Galaxy Tab S10 Lite, 128GB, Tela 10.9"", WIFI, Cinza"
2026-03-10,224.1,,"Smartwatch Samsung Galaxy Fit3 Display 1.6"" Grafite"
2026-03-10,559.0,,"Echo Show 5 (Geração mais recente) | Smart display com Alexa, graves 2x mais potentes e som mais nítido | Cor Preta"
2026-03-10,26.8,,"PHILIPS, Fone de Ouvido com Microfone, TAUE101BK/00, Com fio de 1,2 metros, intra-auricular, Preto"
2026-03-11,63.99,,Viva Verde Areia Higiênica Biodegradável Para Gatos Grãos Mistos 4Kg
2026-03-11,65.4,,"NexGard Antipulgas e Carrapatos para Cães de 4,1 a 10kg, 1 tablete"
2026-03-11,43.97,,Pack Ração Úmida Pedigree Sachê Carne ao Molho para Cães Adultos de Raças Pequenas - Leve 18 Pague 15
2026-03-11,38.95,,Pack Nestlé Purina Friskies Ração Úmida Para Gatos Adultos Carne Ao Molho - Com 15 Sachês 85g
2026-03-11,26.87,,"Biscoito Pedigree Biscrok Para Cães Adultos Multi, 1 kg"
2026-03-11,59.9,,Pack Ração Úmida Whiskas Sachê Frango ao Molho para Gatos Adultos - Leve 20 Pague 16
2026-03-11,12.42,,O homem mais rico da Babilônia
2026-03-11,24.46,,A paciente silenciosa
2026-03-11,49.1,,Verity
2026-03-11,31.4,,Nunca minta
2026-03-11,38.63,,Murdoku: 80 mistérios para resolver usando a lógica
2026-03-11,63.08,,A hora da estrela: Edição comemorativa
2026-03-11,38.9,,A cabeça do santo
2026-03-11,29.0,,Como se tornar sobrenatural: pessoas comuns realizando o extraordinário
2026-03-11,29.0,,O segredo da empregada (A empregada – Livro 2)
2026-03-11,69.9,,A Biblioteca da Meia-Noite: 1
2026-03-11,87.35,,Sanduicheira Elétrica Cadence Click - 127V
2026-03-11,85.41,,Electrolux Kit 12 Potes Herméticos de Plástico Retangulares
2026-03-11,33.21,,Jogo De Frigideiras 2 Peças Alumínio 20198760 Tramontina
2026-03-11,179.0,,Stanley Garrafa Térmica Aerolight Fast Flow Black | 710ml
2026-03-11,71.15,,Filtro/Refil Original de Água Acqua Pure para Purificador Electrolux PE12A/PE12B/PE12G/PE12V/PE12P
2026-03-11,26.03,,"Tramontina JOGO FACAS INOX 4PC PLENUS PRE, Preto"
2026-03-11,59.24,,Gato Panda KIT 5 Potes de Vidro Retangular com Tampa Hermética 640ml Branco ou Azul
2026-03-11,167.37,,"Liquidificador 1400 Full Oster Preto 3,2L - 127V"
2026-03-11,79.0,,Electrolux Kit 16 Potes Herméticos de Plástico Retangular
2026-03-11,17.4,,Dolce Gusto Mochaccino Em Cápsula Avelã Nescafé Caixa 170G 10 Unidades
2026-03-11,594.97,,Purificador de Água Gelada Fria e Natural Elétrico Compacto Eletronico placa Electrolux Filtro refil 6 meses ou 3000l Painel Touch Bivolt Grafite PE12G
2026-03-11,76.0,,"Stanley - Copo de cerveja isolado, copo empilhável Stay Chill de 473 ml, para bebidas quentes ou frias"
2026-03-11,8.73,,LYOR - Mini Mixer Misturador Elétrico para Bebidas - Inox e Plástico Branco - Eficiente e Compacto para Batidas e Misturas Rápidas
2026-03-11,115.99,,"Mixer Power Inox 3 em 1 600W Elgin Lunar 110V - Mixer, triturador e batedor"
2026-03-11,4298.0,,Apple iPhone 16 (128 GB) – Preto
2026-03-11,109.9,,Duracell Pilhas Alcalinas AA Pequena Pack 24 Unidades – Dura até 10x Mais – Ideal para Controle de Videogame e Brinquedos
2026-03-11,1169.1,,"Celular Samsung Galaxy A17, 256GB, 8GB, 50MP Tela 6.7"", IP54 - Cinza"
2026-03-11,599.0,,"Smartphone Motorola Moto g06-128GB 12GB (4GB RAM + 8GB Ram Boost) e Camera 50MP com AI Bateria de 5200 mAh Tela 6.9"" - Azul Marinho"
2026-03-11,732.6,,Smart TV 32” Philco PTV32K34RKGB Roku TV Led Dolby Audio
2026-03-11,1025.9,,"Epson EcoTank L3250 - Multifuncional, Tanque de Tinta Colorida, Wi-Fi Direct, USB, Bivolt, Preto"
2026-03-11,224.1,,"Smartwatch Samsung Galaxy Fit3 Display 1.6"" Grafite"
2026-03-11,24.0,,"PHILIPS, Fone de Ouvido com Microfone, TAUE101BK/00, Com fio de 1,2 metros, intra-auricular, Preto"
2026-03-11,215.0,,"JBL, Fone de Ouvido On ear, Headphone, Tune 520BT, Sem Fio - Preto"
2026-03-11,559.0,,"Echo Show 5 (Geração mais recente) | Smart display com Alexa, graves 2x mais potentes e som mais nítido | Cor Preta"
2026-03-11,2339.1,,"Galaxy Tab S10 Lite, 128GB, Tela 10.9"", WIFI, Cinza"
2026-03-11,456.38,,"Echo Dot (Geração mais recente) | Smart speaker com Alexa, som vibrante e potente, Wi-Fi e Bluetooth | Cor Azul"
2026-03-11,269.0,,"Fire TV Stick HD (Geração mais recente) | Com controle remoto por voz com Alexa (inclui comandos de TV), controles de casa inteligente e streaming em HD"
2026-03-11,28.8,,Pilha Alcalina AAA com 16 unidades Elgin Palito
2026-03-12,124.99,,"Bravecto® Cães 250mg - Antipulgas e Carrapatos - Cães de 4,5 a 10kg - 1 Comp. Mastigável - MSD Saúde Animal"
2026-03-12,73.0,,Scalibor® 25g - Coleira Antiparasitária contra mosquitos vetores da Leishmaniose - Cães porte grande 65cm - MSD Saúde Animal
2026-03-12,46.07,,Pack Ração Úmida Whiskas Sachê Carne ao Molho para Gatos Adultos - Leve 20 Pague 16
2026-03-12,12.76,,Pipicat Granulado Sanitario Classic 4 kg
2026-03-12,99.0,,"Chalesco Tapete Higiênico Premium para Cães 90 x 60 cm – Super Absorção, Controle de Odores e Base Antivazamento | 50 Unidades"
2026-03-12,39.9,,Pack Nestlé Purina Friskies Ração Úmida Para Gatos Adultos Frango Ao Molho - Com 15 Sachês 85g
2026-03-12,124.64,,whiskas Ração Whiskas Carne Para Gatos Adultos 10 1 Kg
2026-03-12,65.4,,"NexGard Antipulgas e Carrapatos para Cães de 4,1 a 10kg, 1 tablete"
2026-03-12,20.56,,Dreamies Petisco Carne Tentadora Gatos Adultos 150G
2026-03-12,43.97,,Pack Ração Úmida Pedigree Sachê Carne ao Molho para Cães Adultos de Raças Pequenas - Leve 18 Pague 15
2026-03-12,55.01,,Viva Verde Areia Higiênica Biodegradável Para Gatos Grãos Mistos 4Kg
2026-03-12,135.15,,"whiskas Ração Whiskas Para Gatos Adultos Castrados Sabor Carne - 10,1Kg"
2026-03-12,12.42,,O homem mais rico da Babilônia
2026-03-12,49.1,,Verity
2026-03-12,24.46,,A paciente silenciosa
2026-03-12,63.08,,A hora da estrela: Edição comemorativa
2026-03-12,31.4,,Nunca minta
2026-03-12,42.29,,A cabeça do santo
2026-03-12,38.63,,Murdoku: 80 mistérios para resolver usando a lógica
2026-03-12,29.0,,Como se tornar sobrenatural: pessoas comuns realizando o extraordinário
2026-03-12,69.9,,A Biblioteca da Meia-Noite: 1
2026-03-12,33.0,,Tudo é rio
2026-03-12,29.0,,O segredo da empregada (A empregada – Livro 2)
2026-03-12,13.72,,Perigoso! Este Livro Contém Coelhos!
2026-03-12,13.48,,A Arte da Guerra - Sun Tzu
2026-03-12,37.94,,O massacre da família Hope
2026-03-12,92.9,,Sanduicheira Elétrica Cadence Click - 127V
2026-03-12,85.41,,Electrolux Kit 12 Potes Herméticos de Plástico Retangulares
2026-03-12,55.24,,Gato Panda KIT 5 Potes de Vidro Retangular com Tampa Hermética 640ml Branco ou Azul
2026-03-12,179.0,,Stanley Garrafa Térmica Aerolight Fast Flow Black | 710ml
2026-03-12,72.56,,Filtro/Refil Original de Água Acqua Pure para Purificador Electrolux PE12A/PE12B/PE12G/PE12V/PE12P
2026-03-12,269.0,,"Fire TV Stick HD (Geração mais recente) | Com controle remoto por voz com Alexa (inclui comandos de TV), controles de casa inteligente e streaming em HD"
2026-03-12,28.8,,Pilha Alcalina AAA com 16 unidades Elgin Palito
2026-03-12,4298.0,,Apple iPhone 16 (128 GB) – Branco
2026-03-12,201.71,,"JBL, Fone de Ouvido Bluetooth, Tune 520BT, On-ear, Sem Fio - Azul"
2026-03-12,874.26,,Smart TV 32” Philco PTV32K34RKGB Roku TV Led Dolby Audio
2026-03-12,99.9,,Duracell Pilhas Alcalinas AA Pequena Pack 24 Unidades – Dura até 10x Mais – Ideal para Controle de Videogame e Brinquedos
2026-03-12,1089.0,,"Epson EcoTank L3250 - Multifuncional, Tanque de Tinta Colorida, Wi-Fi Direct, USB, Bivolt, Preto"
2026-03-12,599.0,,"Smartphone Motorola Moto g06-128GB 12GB (4GB RAM + 8GB Ram Boost) e Camera 50MP com AI Bateria de 5200 mAh Tela 6.9"" - Azul Marinho"
2026-03-12,1259.0,,"Celular Samsung Galaxy A17, 256GB, 8GB, 50MP Tela 6.7"", IP54 - Cinza"
2026-03-12,224.1,,"Smartwatch Samsung Galaxy Fit3 Display 1.6"" Grafite"
2026-03-12,24.0,,"PHILIPS, Fone de Ouvido com Microfone, TAUE101BK/00, Com fio de 1,2 metros, intra-auricular, Preto"
2026-03-12,149.0,,"PHILIPS, Headphone Bluetooth, TAH2300BK/00, Com Microfone, Até 55 horas de bateria, Design Over-ear, Dobrável, Preto"
2026-03-12,559.0,,"Echo Show 5 (Geração mais recente) | Smart display com Alexa, graves 2x mais potentes e som mais nítido | Cor Preta"
2026-03-12,69.9,,"Cartucho de tinta HP 667 Preto Original (3YM79AB) Para Impressora Deskjet 2376, 2776, 6476, 5076, 5276"
2026-03-12,58.71,,"Mouse sem fio Logitech M170 com Design Ambidestro Compacto, Conexão USB e Pilha Inclusa - Preto"
2026-03-12,159.0,,"ELG, F80N, Suporte Articulado de Mesa, Pistão a Gás, Design Compacto e Retrátil, Ergonômico, Monitores 17'' a 35'', 2kg a 9kg, Preto"
2026-03-12,16.06,,"Geonav Cabo USB-C (tipo C) para USB-C (tipo C), 1,5 metros, nylon trançado, UCC04, Cinza/Branco"
2026-03-12,55.75,,"Cartucho de Tinta HP 664 Preto Original (F6V29AB) Para Impressora Deskjet 2136, 2676, 3776, 5076, 527"
2026-03-12,24.44,,"Scotch, 3M, Fixa Forte, Fita Dupla Face, Fixação Extrema, 24mm x 2m"
2026-03-12,119.99,,"WAP Parafusadeira e Furadeira à Bateria 12V BPF-12K3, Kit de 13 Acessórios e Maleta, Empunhadura Emborrachada, Bivolt"
2026-03-12,249.99,,"Carrinho de Transporte Dobrável 150kg - Preto, Resistente e Portátil para Serviço Pesado"
2026-03-12,99.9,,Sparta Maleta de ferramentas kit com 129 peças
2026-03-12,36.49,,WD-40 Produto Multiusos - Embalagem Aerossol 300ml
2026-03-12,26.03,,"Tramontina JOGO FACAS INOX 4PC PLENUS PRE, Preto"
2026-03-12,33.21,,Jogo De Frigideiras 2 Peças Alumínio 20198760 Tramontina
2026-03-12,99.9,,Conjunto de Bowls Tigelas de Inox com Tampa Plástica Electrolux
2026-03-12,151.9,,"Liquidificador 1400 Full Oster Preto 3,2L - 220V"
2026-03-12,17.4,,Dolce Gusto Mochaccino Em Cápsula Avelã Nescafé Caixa 170G 10 Unidades
2026-03-12,129.97,,Kit 10 Potes De Vidro Borossilicato Retangular Marmita Com Tampa Hermética 640ml Resistente Premium
2026-03-12,35.5,,"Ou Organizador com Cesto Duplo 2,2L Natural Linha Clear Fresh"
2026-03-12,559.0,,"Kindle 16 GB (Geração mais recente) - Leve e compacto, com tela antirreflexo, trocas de página mais rápidas, luz frontal ajustável e bateria de longa duração - Cor Preta"
2026-03-12,849.0,,"Kindle Paperwhite 16 GB (Geração mais recente) - O Kindle mais rápido já lançado, com nova tela antirreflexo de 7” e bateria que dura semanas - Cor Preta"
2026-03-12,469.0,,Echo Spot com Alexa (Geração mais recente) | Despertador inteligente com som vibrante | Cor Preta
2026-03-12,429.0,,"Echo Dot (Geração mais recente) | Smart speaker com Alexa, som vibrante e potente, Wi-Fi e Bluetooth | Cor Azul"
2026-03-12,379.0,,Echo Pop (Geração mais recente) | Smart speaker compacto com som envolvente e Alexa | Cor Preta
2026-03-13,124.99,,"Bravecto® Cães 250mg - Antipulgas e Carrapatos - Cães de 4,5 a 10kg - 1 Comp. Mastigável - MSD Saúde Animal"
2026-03-13,55.0,,Scalibor® 19g - Coleira Antiparasitária contra mosquitos vetores da Leishmaniose - Cães porte médio 48cm - MSD Saúde Animal
2026-03-13,40.68,,Pack Ração Úmida Whiskas Sachê Carne ao Molho para Gatos Adultos - Leve 20 Pague 16
2026-03-13,17.9,,Pipicat Granulado Sanitario Classic 4 kg
2026-03-13,49.99,,Escova Secadora Profissional Seca Alisa Modela Cabelo 110v - Dfjn
2026-03-13,71.99,,Escova Secadora Profissional Seca Alisa E Modela Cabelo Com Cabo - Dfjn
2026-03-13,43.11,,Cicatricure Creme para Rugas 50g
2026-03-13,37.91,,Maquiagem Capilar A Prova De Agua Suor Resistente Pó Cabelo Barba Correção de Falhas - Sev
2026-03-13,23.85,,Deo Colônia Cebolinha 25ml - Jequiti
2026-03-13,54.9,,Penteadeira Suspensa com Gaveta Multifuncional Corrediça - Kelan
2026-03-13,57.9,,Mesinha Redonda De Canto Lateral Retro Pe Palito - Kelan
2026-03-13,62.9,,Mesas Redonda De Canto Lateral Retro Pe Palito - Kelan
2026-03-13,369.9,,Cozinha Completa Compacta Armário Multiuso com Gaveta Organizadora 5 Portas Móveis Bonatto
2026-03-13,24.0,,Base Suporte Com Rodinhas Para Geladeira Fogão Maquina De Lavar Sofá Móvel - Jodi
2026-03-13,111.59,,whiskas Ração Whiskas Carne Para Gatos Adultos 10 1 Kg
2026-03-13,99.0,,"Chalesco Tapete Higiênico Premium para Cães 90 x 60 cm – Super Absorção, Controle de Odores e Base Antivazamento | 50 Unidades"
2026-03-13,39.26,,Pack Ração Úmida Pedigree Sachê Carne ao Molho para Cães Adultos de Raças Pequenas - Leve 18 Pague 15
2026-03-13,65.4,,"NexGard Antipulgas e Carrapatos para Cães de 4,1 a 10kg, 1 tablete"
2026-03-13,38.95,,Pack Nestlé Purina Friskies Ração Úmida Para Gatos Adultos Carne Ao Molho - Com 15 Sachês 85g
2026-03-13,56.04,,Tapete Higiênico Premium para cães Petlike Ultrapads Aroma Lavanda 80cmx60cm 30 unid.
2026-03-13,12.42,,O homem mais rico da Babilônia
2026-03-13,49.1,,Verity
2026-03-13,13.48,,A Arte da Guerra - Sun Tzu
2026-03-13,31.38,,Nunca minta
2026-03-13,63.08,,A hora da estrela: Edição comemorativa
2026-03-13,38.63,,Murdoku: 80 mistérios para resolver usando a lógica
2026-03-13,92.9,,Sanduicheira Elétrica Cadence Click - 127V
2026-03-13,85.41,,Electrolux Kit 12 Potes Herméticos de Plástico Retangulares
2026-03-13,55.24,,Gato Panda KIT 5 Potes de Vidro Retangular com Tampa Hermética 640ml Branco ou Azul
2026-03-13,179.0,,Stanley Garrafa Térmica Aerolight Fast Flow Black | 710ml
2026-03-13,67.06,,Filtro/Refil Original de Água Acqua Pure para Purificador Electrolux PE12A/PE12B/PE12G/PE12V/PE12P
2026-03-13,159.9,,"Liquidificador 1400 Full Oster Preto 3,2L - 220V"
2026-03-13,8.73,,LYOR - Mini Mixer Misturador Elétrico para Bebidas - Inox e Plástico Branco - Eficiente e Compacto para Batidas e Misturas Rápidas
2026-03-13,26.03,,"Tramontina JOGO FACAS INOX 4PC PLENUS PRE, Preto"
2026-03-13,99.9,,Conjunto de Bowls Tigelas de Inox com Tampa Plástica Electrolux
2026-03-13,134.9,,"Mixer Power Inox 3 em 1 600W Elgin Lunar 110V - Mixer, triturador e batedor"
2026-03-13,17.4,,Dolce Gusto Mochaccino Em Cápsula Avelã Nescafé Caixa 170G 10 Unidades
2026-03-13,35.5,,"Ou Organizador com Cesto Duplo 2,2L Natural Linha Clear Fresh"
2026-03-13,619.9,,Purificador de Água Gelada Fria e Natural Elétrico Compacto Eletronico placa Electrolux Filtro refil 6 meses ou 3000l Painel Touch Bivolt Grafite PE12G
2026-03-13,99.0,,"MONDIAL Liquidificador Turbo Power, Preto, 550W, 220V - L-99 FB"
2026-03-13,1234.99,,Smartphone Realme C75X 256GB 8GB RAM Dual SIM NFC Tela 6.67
2026-03-13,1286.07,,"Smartphone Realme C75x 8gb RAM 256gb Dual Sim NFC Tela 6.67"" Prova d'água resistente a queda - Azul"
2026-03-13,45.67,,Relógio Smart Watch Digital D20 Masculino / Feminino + Fone Bluetooth Sem Fio - 01Smart
2026-03-13,33.03,,Relogio Smartwatch Feminino Masculino D20 Fit Pro Inteligente Oferta - 01Smart
2026-03-13,3689.1,,"Smartphone Samsung Galaxy Z Flip7 FE 128GB Preto 5G 8GB RAM Tela 6,7"" Câm. Dupla de 50MP Galaxy AI"
2026-03-13,1329.05,,Soundbar Samsung HW-B550/ZD 2.1 Bluetooth com Subwoofer sem Fio 410W
2026-03-13,26.31,,Fone De Ouvido S/fio Bluetooth Garantia Original Nota Fiscal - 01Smart
2026-03-13,350.55,,Caixa de Som Amplificada Bluetooth Vivensis Vibe Sound V8 Power 340W USB
2026-03-13,27.18,,Fone De Ouvido Sem Fio Bluetooth F9-5 Touch Display Led - TWS
2026-03-13,60.19,,Fone De Ouvido Sem Fio Bluetooth Touch TWS + Smartwach Y8
2026-03-13,269.0,,"Fire TV Stick HD (Geração mais recente) | Com controle remoto por voz com Alexa (inclui comandos de TV), controles de casa inteligente e streaming em HD"
2026-03-13,28.8,,Pilha Alcalina AAA com 16 unidades Elgin Palito
2026-03-13,4298.0,,Apple iPhone 16 (128 GB) – Branco
2026-03-13,2595.99,,"Celular Samsung Galaxy S25 FE 5G, 128GB, 8GB, Câmera Tripla - Jet Black"
2026-03-13,201.71,,"JBL, Fone de Ouvido Bluetooth, Tune 520BT, On-ear, Sem Fio - Azul"
2026-03-13,665.1,,"Smartphone Motorola Moto g06-256GB 12GB (4GB RAM + 8GB Ram Boost) e Camera 50MP com AI Bateria de 5200 mAh Tela 6.9"" - Bege"
2026-03-13,99.9,,Duracell Pilhas Alcalinas AA Pequena Pack 24 Unidades – Dura até 10x Mais – Ideal para Controle de Videogame e Brinquedos
2026-03-13,559.0,,"Echo Show 5 (Geração mais recente) | Smart display com Alexa, graves 2x mais potentes e som mais nítido | Cor Preta"
2026-03-13,1088.0,,"Epson EcoTank L3250 - Multifuncional, Tanque de Tinta Colorida, Wi-Fi Direct, USB, Bivolt, Preto"
2026-03-13,874.26,,Smart TV 32” Philco PTV32K34RKGB Roku TV Led Dolby Audio
2026-03-13,269.91,,"Smartwatch Samsung Galaxy Fit3 Display 1.6"" Grafite"
2026-03-13,24.0,,"PHILIPS, Fone de Ouvido com Microfone, TAUE101BK/00, Com fio de 1,2 metros, intra-auricular, Preto"
2026-03-13,2454.79,,"Notebook ASUS Vivobook 15 X1504VA Intel Core i5 1334U 4GB Ram 256Gb SSD Linux KeepOS Tela 15,6"" LED FHD Silver - NJ1726"
2026-03-13,5489.1,,"Notebook Gamer Acer Nitro V15 Intel Core i5 512GB SSD 16GB RAM 15,6"" Full HD Linux Gutta 144Hz IPS RTX 3050 6GB ANV15-51-582R"
2026-03-13,1847.12,,Notebook Positivo Vision C14 Intel Celeron Linux 8GB RAM 256GB eMMC 14.1” LED HD Lumina BAR - Cinza
2026-03-13,2952.78,,"Notebook Asus Vivobook Go 15, Intel Core i3-N305, 8GB/512 SSD W11 Home Tela 15.6"" FHD, Cool Silver - E1504GA-NJ435W"
2026-03-13,1815.36,,"Notebook ASUS Vivobook Go 15 Intel Celeron 4GB RAM 128GB eMMC 15,6"" UHD Rosa Windows 11+ Microsoft 365 Personal Office E510KA-BR833WS"
2026-03-13,73.77,,Mochila Masculina Impermeável Faculdade Alça Reforçada Grande - Dazzore
2026-03-13,189.45,,Cartão de Memória Sandisk 128gb 64gb 32gb 16gb Original Cartão Micro Sd Ultra Sandisk 100mbs
2026-03-13,27.95,,Mouse Sem Fio 2.4 ghz Optico Recarregável Gamer USB Led Rgb Wirelles Usb Notebook - OPEN ZEE
2026-03-13,172.0,,Mochila Masculina Feminina Notebook Escolar Faculdade Viagem Dia a Dia Reforçada Resistente a Água Marcador de Bagagem Saida usb Fone - ACO
2026-03-13,30.99,,Mouse Optico Sem Fio Recarregável USB Led Rgb Wirelles Usb Note - Prime
2026-03-16,1286.07,,"Smartphone Realme C75x 8gb RAM 256gb Dual Sim NFC Tela 6.67"" Prova d'água resistente a queda - Azul"
2026-03-16,47.75,,Relógio Smart Watch Digital D20 Masculino / Feminino + Fone Bluetooth Sem Fio - 01Smart
2026-03-16,33.03,,Relogio Smartwatch Feminino Masculino D20 Fit Pro Inteligente Oferta - 01Smart
2026-03-16,3869.1,,"Smartphone Samsung Galaxy Z Flip7 FE 128GB Preto 5G 8GB RAM Tela 6,7"" Câm. Dupla de 50MP Galaxy AI"
2026-03-16,50.91,,Relógio Smart Watch Digital D20 Masculino / Feminino C/ Fone de Ouvido Sem Fio - 01Smart
2026-03-16,27.51,,Fone De Ouvido S/fio Bluetooth Garantia Original Nota Fiscal - 01Smart
2026-03-16,350.55,,Caixa de Som Amplificada Bluetooth Vivensis Vibe Sound V8 Power 340W USB
2026-03-16,27.18,,Fone De Ouvido Sem Fio Bluetooth F9-5 Touch Display Led - TWS
2026-03-16,60.19,,Fone De Ouvido Sem Fio Bluetooth Touch TWS + Smartwach Y8
2026-03-16,21.9,,Fone de Ouvido Com Fio Tipo C Estéreo Microfone Controle USB-C - Altomex
2026-03-16,656.1,,"Smartphone Samsung Galaxy A06 128GB 4GB RAM Azul Escuro 6,7"" Câm. Dupla + Selfie 8MP"
2026-03-16,156.31,,Relógio Smartwatch Digital Pro Series 9 Nfc Gps 47mm Lançamento - 01Smart
2026-03-16,1773.0,,"Smartphone Samsung Galaxy A36 256GB 5G 8GB RAM Branco 6,7"" Câm. Tripla + Selfie 12MP"
2026-03-16,30.27,,Relógio Smart Watch Digital D20 Original Masculino E Feminino - 01Smart
2026-03-16,39.55,,Carregador Turbo Tipo - C Fonte 45W + Cabo Compatível com Samsung Galaxy Carga Ultra Rápida - Hoco
2026-03-16,50.26,,Fone de Ouvido Bluetooth Sem Fio 3ª Geração 13 Pro Branco - Pro 13
2026-03-16,99.9,,Fone de Ouvido Sem Fio Lenovo LP40 Bluetooth 5.0
2026-03-16,27.18,,Fone De Ouvido Sem Fio Bluetooth F9-5 Carregador de Celular - TWS
2026-03-16,510.0,,Caixa Amplificada Mondial CM-400 400W Bluetooth USB Rádio FM
2026-03-16,789.57,,Caixa de Som Torre AMVOX ACA 1000 NEW X - Bluetooth 1000W RMS Amplificada
2026-03-16,369.0,,"Fire TV Stick HD (Geração mais recente) | Com controle remoto por voz com Alexa (inclui comandos de TV), controles de casa inteligente e streaming em HD"
2026-03-16,28.8,,Pilha Alcalina AAA com 16 unidades Elgin Palito
2026-03-16,4545.0,,Apple iPhone 16 (128 GB) – Branco
2026-03-16,665.0,,"Smartphone Motorola Moto g06-256GB 12GB (4GB RAM + 8GB Ram Boost) e Camera 50MP com AI Bateria de 5200 mAh Tela 6.9"" - Verde"
2026-03-16,2799.0,,"Celular Samsung Galaxy S25 FE 5G, 128GB, 8GB, Câmera Tripla - Jet Black"
2026-03-16,2454.79,,"Notebook ASUS Vivobook 15 X1504VA Intel Core i5 1334U 4GB Ram 256Gb SSD Linux KeepOS Tela 15,6"" LED FHD Silver - NJ1726"
2026-03-16,5489.1,,"Notebook Gamer Acer Nitro V15 Intel Core i5 512GB SSD 16GB RAM 15,6"" Full HD Linux Gutta 144Hz IPS RTX 3050 6GB ANV15-51-582R"
2026-03-16,1847.12,,Notebook Positivo Vision C14 Intel Celeron Linux 8GB RAM 256GB eMMC 14.1” LED HD Lumina BAR - Cinza
2026-03-16,2952.78,,"Notebook Asus Vivobook Go 15, Intel Core i3-N305, 8GB/512 SSD W11 Home Tela 15.6"" FHD, Cool Silver - E1504GA-NJ435W"
2026-03-16,1910.09,,"Notebook ASUS Vivobook Go 15 Intel Celeron 4GB RAM 128GB eMMC 15,6"" UHD Rosa Windows 11+ Microsoft 365 Personal Office E510KA-BR833WS"
2026-03-16,69.34,,Mochila Masculina Faculdade Impermeável Resistente Grande Alça de Aço - Dazzore
2026-03-16,73.77,,Mochila Masculina Impermeável Faculdade Alça Reforçada Grande - Dazzore
2026-03-16,189.45,,Cartão de Memória Sandisk 128gb 64gb 32gb 16gb Original Cartão Micro Sd Ultra Sandisk 100mbs
2026-03-16,27.95,,Mouse Sem Fio 2.4 ghz Optico Recarregável Gamer USB Led Rgb Wirelles Usb Notebook - OPEN ZEE
2026-03-16,28.82,,Mouse Optico Sem Fio Recarregável USB Led Rgb Wirelles Usb Note - Prime
2026-03-16,46.27,,Copo de Liquidificador Compatível Mondial Turbo Premium Inox L1000 L1100 Preto - Micromax
2026-03-16,204.43,,Aspirador de Pó Vertical WAP Silent Speed Max 1350W 220V
2026-03-16,39.62,,Copo de Liquidificador Compatível Philips Walita Multiprocessador Ri7625 Power Chop Ri7630 Cristal Preto - Micromax
2026-03-16,442.86,,Panela de Pressão Elétrica MasterSteam Midea Preta e Inox - PPG70S
2026-03-16,169.9,,Mixer Britânia BMX400P 3 em 1 500W 110V
2026-03-16,169.99,,"Havit Fone de Ouvido Headset Gamer Fuxi-H3 Black Com Fio e Sem Fio, Wireless 2,4GHz, Bluetooth, Cabo USB-C"
2026-03-16,2299.9,,"Galaxy Tab S10 Lite, 128GB, Tela 10.9"", WIFI, Cinza"
2026-03-16,1088.0,,"Epson EcoTank L3250 - Multifuncional, Tanque de Tinta Colorida, Wi-Fi Direct, USB, Bivolt, Preto"
2026-03-16,839.9,,"Impressora Multifuncional HP Smart Tank 581 Tanque de Tinta Colorida Wi-Fi, USB - Alta Economia -Copiadora e Scanner (4A8D5A)"
2026-03-16,59.9,,"Mouse sem fio Logitech M170 com Design Ambidestro Compacto, Conexão USB e Pilha Inclusa - Preto"
2026-03-16,32.8,,"Scotch, 3M, Fixa Forte, Fita Dupla Face, Fixação Extrema, 24mm x 2m"
2026-03-16,124.9,,Mor - Escada Alumínio 4 Degraus
2026-03-16,80.42,,Tramontina Extensão Múltipla 5 m 5 Tomadas 2P+T 10 A 250 V
2026-03-16,143.2,,"WAP Parafusadeira e Furadeira à Bateria 12V BPF-12K3, Kit de 13 Acessórios e Maleta, Empunhadura Emborrachada, Bivolt"
2026-03-16,249.99,,"Carrinho de Transporte Dobrável 150kg - Preto, Resistente e Portátil para Serviço Pesado"
2026-03-16,9.99,,Controle Tv Remoto Philco Smart Todas Prime Video Netlix Globoplay - Mb
2026-03-16,23.74,,Controle Remoto Smart Tv 4k Compatível Com Samsung
2026-03-16,58.33,,Antena Interna Para Tv Digital Amplificada 1080 Hdtv Cabo 3m - LELONG
2026-03-16,3086.55,,"Smart TV 50"" Samsung Ultra 4K QLED QN50Q7FAAGXZD Tizen Q4 AI 3 HDMI"
2026-03-16,4321.55,,"Smart TV 65"" Samsung Ultra 4K QLED QN65Q7FAAGXZD Tizen Q4 AI 3 HDMI"
2026-03-16,446.04,,Forno Elétrico Philco 50L PFE52P Dupla Resistência
2026-03-16,2045.07,,Lavadora de Roupas Electrolux 15kg Cesto Inox 11 Programas de Lavagem Branco Premium Care Jet&Clean e Time Control LEC15
2026-03-16,557.07,,Micro-ondas Panasonic 21L NN-ST25L Branco
2026-03-16,901.55,,Micro-ondas Electrolux 36L Inox Efficient com Descongelamento Assistido ME36S
2026-03-16,2879.1,,Freezer Horizontal Consul 1 Porta 309L CHA31FBANA
2026-03-16,386.1,,Controle Sem Fio PS5 DualSense Midnight Black Original Sony Preto
2026-03-16,47.22,,Controle Sem Fio Compatível Para Ps3 Pc Joystick Manete Cor Preto Mais Cabo de Carregamento - Doubleshock
2026-03-16,399.0,,"Controle Sony DualSense PS5, Sem Fio, Branco - 3005767"
2026-03-16,58.58,,Controle Video Game Xbx 360 Com Fio Joystick E Pc - Pah
2026-03-16,379.0,,"Controle Sony DualSense PS5, Sem Fio, Midnight Black - 3006452"
2026-03-16,1917.68,,Computador PC Gamer Completo TOB Intel Core i5 SSD 480GB 16GB Teclado Mouse Mouse Pad e Headset Gamer Monitor 23 Windows 11 Pro Trial - TOB COMPUTERS
2026-03-16,2517.49,,"Monitor Gamer Curvo LG UltraGear 34"", 2K WQHD, UltraWide, 160Hz, 1ms, FreeSync Premium, HDR10, Som Integrado - 34GP63A-B"
2026-03-16,1762.64,,Computador PC Gamer Completo TOB Intel Core i5 SSD 480GB 16GB Teclado Mouse Mouse Pad e Headset Gamer Monitor 19 Windows 11 Pro Trial - TOB COMPUTERS
2026-03-16,1215.0,,Computador PC Gamer Completo TOB Intel Core i5 SSD 240GB 8GB Teclado Mouse Mouse Pad e Headset Gamer Monitor 19 Windows 11 Pro Trial - TOB COMPUTERS
2026-03-16,24.9,,Mouse Gamer 6 Botões 2400DPI LED Com Fio para Jogos - Aston
2026-03-16,649.0,,"Kindle 16 GB (Geração mais recente) - Leve e compacto, com tela antirreflexo, trocas de página mais rápidas, luz frontal ajustável e bateria de longa duração - Cor Preta"
2026-03-16,619.01,,"Echo Show 5 (Geração mais recente) | Smart display com Alexa, graves 2x mais potentes e som mais nítido | Cor Preta"
2026-03-16,1199.0,,"Kindle Paperwhite Signature Edition 32 GB (Geração mais recente) - O Kindle mais rápido já lançado, com luz frontal autoadaptável, carregamento sem fio e bateria que dura semanas - Cor Preta Metálica"
2026-03-16,539.99,,Echo Spot com Alexa (Geração mais recente) | Despertador inteligente com som vibrante | Cor Preta
2026-03-16,379.0,,Echo Pop (Geração mais recente) | Smart speaker compacto com som envolvente e Alexa | Cor Preta
2026-03-16,53.09,,Travesseiro Nasa Master Antialérgico Anatomico e Não Aquece Com Calor Corporal - Master Comfort
2026-03-16,8.99,,"Tapete de Banheiro Antiderrapante com Ventosas para Box e Banho 65x33cm Segurança, Conforto e Estabilidade - Tapete para Banheiro"
2026-03-16,44.99,,Travesseiro Peletizado Anti Stress Master Comfort 50X70cm Macio Confortável Lavável
2026-03-16,66.78,,Travesseiro Para Ronco Dor Cervical Postura Apneia do Sono Magnético Pastilhas IVL - Pillowmanta
2026-03-16,59.9,,Kit 2 Travesseiros Best Sono - Fibra Siliconada - Beaf
2026-03-17,46.27,,Copo de Liquidificador Compatível Mondial Turbo Premium Inox L1000 L1100 Preto - Micromax
2026-03-17,189.05,,Aspirador de Pó Vertical Wap Filtro HEPA 1350W - Silent Speed Max Cinza e Preto
2026-03-17,199.89,,Aspirador de Pó Vertical WAP Silent Speed Max 1350W 220V
2026-03-17,40.37,,Copo de Liquidificador Compatível Philips Walita Multiprocessador Ri7625 Power Chop Ri7630 Cristal Preto - Micromax
2026-03-17,442.86,,Panela de Pressão Elétrica MasterSteam Midea Preta e Inox - PPG70S
2026-03-17,174.9,,Mixer Britânia BMX400P 3 em 1 500W 110V
2026-03-17,46.27,,Copo De Liquidificador Philco Ph900 Cristal Tampa Preta - Micromax
2026-03-17,46.27,,Copo para Liquidificador Compatível Mondial Turbo Premium E Inox L1000 L1100 Cristal - Micromax
2026-03-17,204.51,,Cafeteira Elétrica Electrolux 30 Xícaras Efficient com Jarra Inox (ECM22)
2026-03-17,44.99,,"Chaleira Elétrica Com Desligamento Automático Em Aço Inoxidável 1,8 Litros Com Base Giratória Linha Premium - BAK/SKYLINK"
2026-03-17,40.02,,Escova Secadora Profissional Seca Alisa E Modela Cabelo Com Cabo - Dfjn
2026-03-17,43.11,,Cicatricure Creme para Rugas 50g
2026-03-17,37.91,,Maquiagem Capilar A Prova De Agua Suor Resistente Pó Cabelo Barba Correção de Falhas - Sev
2026-03-17,22.94,,Deo Colônia Cebolinha 25ml - Jequiti
2026-03-17,8.99,,"Borrifador de Azeite e Óleo 100ml em Vidro Spray Pulverizador Gourmet para Cozinha, Salada, Churrasco e Temperos - Importado"
2026-03-17,54.9,,Penteadeira Suspensa com Gaveta Multifuncional Corrediça - Kelan
2026-03-17,62.9,,Mesas Redonda De Canto Lateral Retro Pe Palito - Kelan
2026-03-17,369.9,,Cozinha Completa Compacta Armário Multiuso com Gaveta Organizadora 5 Portas Móveis Bonatto
2026-03-17,41.15,,Base Suporte Com Rodinhas Para Geladeira Fogão Maquina De Lavar Sofá Móvel - Jodi
2026-03-17,671.49,,Armário de Cozinha Compacta Rustic/Preto Emilly Pop Madesa XA
2026-03-17,143.0,,"Bravecto® Cães 250mg - Antipulgas e Carrapatos - Cães de 4,5 a 10kg - 1 Comp. Mastigável - MSD Saúde Animal"
2026-03-17,66.99,,Scalibor® 19g - Coleira Antiparasitária contra mosquitos vetores da Leishmaniose - Cães porte médio 48cm - MSD Saúde Animal
2026-03-17,52.0,,Pack Ração Úmida Whiskas Sachê Carne ao Molho para Gatos Adultos - Leve 20 Pague 16
2026-03-17,49.99,,Pack Ração Úmida Pedigree Sachê Carne ao Molho para Cães Adultos de Raças Pequenas - Leve 18 Pague 15
2026-03-17,87.89,,"NexGard Spectra Antipulgas e Carrapatos e Vermífugo para Cães de 7,6 a 15kg - 1 tablete"
2026-03-17,19.99,,O homem mais rico da Babilônia
2026-03-17,55.82,,Verity
2026-03-17,35.24,,Nunca minta
2026-03-17,38.46,,A paciente silenciosa
2026-03-17,63.08,,A hora da estrela: Edição comemorativa
2026-03-17,89.9,,Electrolux Kit 12 Potes Herméticos de Plástico Retangulares
2026-03-17,69.0,,Gato Panda KIT 5 Potes de Vidro Retangular com Tampa Hermética 640ml Branco ou Azul
2026-03-17,87.35,,Sanduicheira Elétrica Cadence Click - 127V
2026-03-17,99.66,,"MONDIAL Liquidificador Turbo Power, Preto, 550W, 110V - L-99 FB"
2026-03-17,1286.07,,"Smartphone Realme C75x 8gb RAM 256gb Dual Sim NFC Tela 6.67"" Prova d'água resistente a queda - Azul"
2026-03-17,47.75,,Relógio Smart Watch Digital D20 Masculino / Feminino + Fone Bluetooth Sem Fio - 01Smart
2026-03-17,33.03,,Relogio Smartwatch Feminino Masculino D20 Fit Pro Inteligente Oferta - 01Smart
2026-03-17,3869.1,,"Smartphone Samsung Galaxy Z Flip7 FE 128GB Preto 5G 8GB RAM Tela 6,7"" Câm. Dupla de 50MP Galaxy AI"
2026-03-17,50.91,,Relógio Smart Watch Digital D20 Masculino / Feminino C/ Fone de Ouvido Sem Fio - 01Smart
2026-03-17,1773.0,,"Smartphone Samsung Galaxy A36 256GB 5G 8GB RAM Branco 6,7"" Câm. Tripla + Selfie 12MP"
2026-03-17,30.27,,Relógio Smart Watch Digital D20 Original Masculino E Feminino - 01Smart
2026-03-17,39.55,,Carregador Turbo Tipo - C Fonte 45W + Cabo Compatível com Samsung Galaxy Carga Ultra Rápida - Hoco
2026-03-17,51.51,,Relogio Smart Watch Inteligente Masculino Feminino Compatível Samsung Galaxy Xiaomi - 01Smart
2026-03-17,30.01,,Carregador Turbo Fonte 20w Usb-c+ Cabo Compatível com iPhone 11 12 13 14 Max X XR XS - Hrebos
2026-03-17,133.79,,Carregador USB-C de 20W Apple Branco Original - MUVU3BZ/A
2026-03-17,1211.31,,Smartphone Celular Xiaomi Redmi Note 14 Lançamento 128GB 6GB Câmera 108MP 20MP Tela 6.67 AMOLED 120Hz FHD plus Design Premium Dual SIM Chip IP54 Dolby
2026-03-17,1358.99,,Smartphone Celular Xiaomi Redmi Note 14 Lançamento 256GB 8GB Câmera 108MP 20MP Tela 6.67 AMOLED 120Hz FHD plus Design Premium Dual SIM Chip IP54 Dolby
2026-03-17,2353.64,,Smartphone Xiaomi POCO X7 5G 512GB / 256GB NFC tela Amoled 120 Hz Câmera tripla 4K 50MP OIS Desempenho Performance e Design Premium IP68
2026-03-17,72.62,,Power Bank 20Mil Carregador Portátil Carga Rápida Universal Bateria Celular Tablet - PINENG
2026-03-17,2215.61,,"Smartphone Samsung Galaxy A56 128GB 5G 8GB RAM Preto 6,7"" Câm Tripla + Selfie 12MP"
2026-03-17,27.51,,Fone De Ouvido S/fio Bluetooth Garantia Original Nota Fiscal - 01Smart
2026-03-17,350.55,,Caixa de Som Amplificada Bluetooth Vivensis Vibe Sound V8 Power 340W USB
2026-03-17,27.18,,Fone De Ouvido Sem Fio Bluetooth F9-5 Touch Display Led - TWS
2026-03-17,60.19,,Fone De Ouvido Sem Fio Bluetooth Touch TWS + Smartwach Y8
2026-03-17,21.9,,Fone de Ouvido Com Fio Tipo C Estéreo Microfone Controle USB-C - Altomex
2026-03-17,50.26,,Fone de Ouvido Bluetooth Sem Fio 3ª Geração 13 Pro Branco - Pro 13
2026-03-17,99.9,,Fone de Ouvido Sem Fio Lenovo LP40 Bluetooth 5.0
2026-03-17,27.18,,Fone De Ouvido Sem Fio Bluetooth F9-5 Carregador de Celular - TWS
2026-03-17,510.0,,Caixa Amplificada Mondial CM-400 400W Bluetooth USB Rádio FM
2026-03-17,789.57,,Caixa de Som Torre AMVOX ACA 1000 NEW X - Bluetooth 1000W RMS Amplificada
2026-03-17,175.52,,Fone de Ouvido Sem Fio QCY T13 TWS 4 Mics Controle Por Toque e Bluetooth 5.1
2026-03-17,2231.55,,Caixa de Som JBL PartyBox Encore 2 Bluetooth Amplificada Portátil 100W
2026-03-17,26.34,,"Fone de Ouvido Wireless Bluetooth InPods Branco Compatível com iOS, Android e Notebook Som de Alta Qualidade - Woofs"
2026-03-17,130.38,,Fone de Ouvido Sem Fio QCY T1C TWS Bluetooth 5.1 Case 380 mAh
2026-03-17,30.33,,Fone De Ouvido Sem Fio Original A Via Bluetooth A6S Pro Preto Pequeno Originais Fones - 01Smart
2026-03-17,314.91,,"Fire TV Stick HD (Geração mais recente) | Com controle remoto por voz com Alexa (inclui comandos de TV), controles de casa inteligente e streaming em HD"
2026-03-17,28.8,,Pilha Alcalina AAA com 16 unidades Elgin Palito
2026-03-17,4544.9,,Apple iPhone 16 (128 GB) – Branco
2026-03-17,699.0,,"Echo Show 5 (Geração mais recente) | Smart display com Alexa, graves 2x mais potentes e som mais nítido | Cor Preta"
2026-03-17,2799.0,,"Celular Samsung Galaxy S25 FE 5G, 128GB, 8GB, Câmera Tripla - Jet Black"
2026-03-17,99.9,,Duracell Pilhas Alcalinas AA Pequena Pack 24 Unidades – Dura até 10x Mais – Ideal para Controle de Videogame e Brinquedos
2026-03-17,201.71,,"JBL, Fone de Ouvido Bluetooth, Tune 520BT, On-ear, Sem Fio - Azul"
2026-03-17,199.12,,"soundcore P30i da Anker, Fone de Ouvido Bluetooth 5.4 com Cancelamento de Ruído Adaptativo, Graves Poderosos, 45H de Reprodução, Estojo 2-em-1 com Suporte para Celular, IP54, Fone sem fio TWS, Preto"
2026-03-17,22.0,,"Samsung Combo Vision AI TV 43"" QLED 4K QEF1 2025 + Soundbar HW-B400F/ZD"
2026-03-17,3986.0,,Apple iPhone 15 (128 GB) — Azul
2026-03-17,2639.12,,"Notebook ASUS Vivobook 15 X1504VA Intel Core i5 1334U 4GB Ram 256Gb SSD Linux KeepOS Tela 15,6"" LED FHD Silver - NJ1726"
2026-03-17,5489.1,,"Notebook Gamer Acer Nitro V15 Intel Core i5 512GB SSD 16GB RAM 15,6"" Full HD Linux Gutta 144Hz IPS RTX 3050 6GB ANV15-51-582R"
2026-03-17,1935.12,,Notebook Positivo Vision C14 Intel Celeron Linux 8GB RAM 256GB eMMC 14.1” LED HD Lumina BAR - Cinza
2026-03-17,3079.78,,"Notebook Asus Vivobook Go 15, Intel Core i3-N305, 8GB/512 SSD W11 Home Tela 15.6"" FHD, Cool Silver - E1504GA-NJ435W"
2026-03-17,1910.09,,"Notebook ASUS Vivobook Go 15 Intel Celeron 4GB RAM 128GB eMMC 15,6"" UHD Rosa Windows 11+ Microsoft 365 Personal Office E510KA-BR833WS"
2026-03-17,1439.1,,"Notebook Multi Ultra UB251 4GB RAM 128GB eMMC 14"" HD Windows 11 UB251 + Mouse Sem Fio"
2026-03-17,3068.07,,Notebook ASUS Vivobook Go 15 Intel Core i3 N305 8GB RAM SSD 256GB Full HD Windows 11 E1504GA-NJ434W
2026-03-17,3599.1,,"Notebook Acer Aspire Go Intel Core i5 13420H 8GB RAM 512GB SSD 15,6"" Full HD Windows 11 AG15-71P-53GM"
2026-03-17,1847.12,,"Notebook ASUS Vivobook Go 15 Intel Celeron 4GB RAM 128GB eMMC 15,6"" UHD Star Black Windows 11+ Microsoft 365 Personal Office E510KA-BR808WS"
2026-03-17,2141.1,,"Notebook Samsung Galaxy Book Go, Windows 11 Home, Snapdragon 7c, 4GB, 128GB, 14'' Full HD LED, Copilot integrado"
2026-03-17,69.34,,Mochila Masculina Faculdade Impermeável Resistente Grande Alça de Aço - Dazzore
2026-03-17,73.77,,Mochila Masculina Impermeável Faculdade Alça Reforçada Grande - Dazzore
2026-03-17,189.45,,Cartão de Memória Sandisk 128gb 64gb 32gb 16gb Original Cartão Micro Sd Ultra Sandisk 100mbs
2026-03-17,27.95,,Mouse Sem Fio 2.4 ghz Optico Recarregável Gamer USB Led Rgb Wirelles Usb Notebook - OPEN ZEE
2026-03-17,28.82,,Mouse Optico Sem Fio Recarregável USB Led Rgb Wirelles Usb Note - Prime
2026-03-17,36.44,,Kit Teclado E Mouse Usb Com Fio Basico Preto Multilaser Slim
2026-03-17,53.29,,"Mochila Executiva Notebook Slim Faculdade Trabalho Viagem Passeio Reforçada com Porta USB 15,6'' - Madz"
2026-03-17,300.89,,"SSD Adata SU650, SATA, 240GB, 2.5"", Leitura: 520MB/s e Gravação: 450MB/s, Preto - ASU650SS-240GT-R"
2026-03-17,9.99,,Controle Tv Remoto Philco Smart Todas Prime Video Netlix Globoplay - Mb
2026-03-17,23.74,,Controle Remoto Smart Tv 4k Compatível Com Samsung
2026-03-17,58.33,,Antena Interna Para Tv Digital Amplificada 1080 Hdtv Cabo 3m - LELONG
2026-03-17,2973.79,,"Samsung Vision AI TV 50"" QLED Ultra 4K Q7F 2025, Pontos Quânticos, Processador com AI, Art Store, Alexa"
2026-03-17,3086.55,,"Smart TV 50"" Samsung Ultra 4K QLED QN50Q7FAAGXZD Tizen Q4 AI 3 HDMI"
2026-03-17,4186.42,,"Samsung Vision AI TV 65"" QLED Ultra 4K Q7F 2025, Pontos Quânticos, Processador com AI, Art Store, Alexa"
2026-03-17,4321.55,,"Smart TV 65"" Samsung Ultra 4K QLED QN65Q7FAAGXZD Tizen Q4 AI 3 HDMI"
2026-03-17,3419.05,,"Smart TV 55"" Samsung Ultra 4K QLED QN55Q7FAAGXZD Tizen Q4 AI 3 HDMI"
2026-03-17,16.01,,Suporte TV Fixo Universal Para TV 32 42 43 50 52 55 60 65 75 90 100 Polegadas - Brasforma
2026-03-17,6174.05,,"Smart TV 75"" Samsung Ultra 4K QLED QN75Q7FAAGXZD Tizen Q4 AI 3 HDMI"
2026-03-17,446.04,,Forno Elétrico Philco 50L PFE52P Dupla Resistência
2026-03-17,2345.55,,Geladeira/Refrigerador Midea Cycle Defrost Duplex Branco 294L MD-RT411
2026-03-17,2429.0,,Geladeira Duplex 294L Cycle Defrost Branca Midea
2026-03-17,2045.07,,Lavadora de Roupas Electrolux 15kg Cesto Inox 11 Programas de Lavagem Branco Premium Care Jet&Clean e Time Control LEC15
2026-03-17,557.07,,Micro-ondas Panasonic 21L NN-ST25L Branco
2026-03-17,901.55,,Micro-ondas Electrolux 36L Inox Efficient com Descongelamento Assistido ME36S
2026-03-17,3014.1,,Freezer Horizontal Consul 1 Porta 309L CHA31FBANA
2026-03-17,569.0,,"Maquina de Lavar Roupa Semi-Automatica Tanquinho Colormaq 20,1kg LCS20"
2026-03-17,4549.55,,Geladeira/Refrigerador Electrolux Frost Free - Inverse Cinza 490L IB7S
2026-03-17,2399.0,,Lavadora de Roupas Electrolux 18kg Cesto Inox 11 Programas de Lavagem Branco Efficient LEE18
2026-03-17,47.22,,Controle Sem Fio Compatível Para Ps3 Pc Joystick Manete Cor Preto Mais Cabo de Carregamento - Doubleshock
2026-03-17,399.0,,"Controle Sony DualSense PS5, Sem Fio, Branco - 3005767"
2026-03-17,58.58,,Controle Video Game Xbx 360 Com Fio Joystick E Pc - Pah
2026-03-17,379.0,,"Controle Sony DualSense PS5, Sem Fio, Midnight Black - 3006452"
2026-03-17,379.0,,"Controle Sony DualSense PS5, Sem Fio, Starlight Blue - 3006454"
2026-03-17,34.31,,Porta Carrinhos Hot Wheels Expositor 50 Carrinhos Madeira Mdf Colecionaveis - Grupo Paraiso MDF
2026-03-17,71.05,,"Controle Gamer para PC, SmartTV e Console Wireless Bluetooth - Gamers E-Sports & Entretenimento - MZTech"
2026-03-17,386.1,,Controle Sem Fio PS5 DualSense Branco Original Sony
2026-03-17,422.1,,Controle sem Fio DualSense Midnight Black PS5 Sony PlayStation
2026-03-17,879.0,,"Monitor Gamer AOC 27"" Full HD 180Hz Gaming G4 27G4/P HDMI DisplayPort Base Ajustável"
2026-03-17,1710.0,,Computador PC Gamer Completo TOB Intel Core i5 SSD 480GB 16GB Teclado Mouse Mouse Pad e Headset Gamer Monitor 23 Windows 11 Pro Trial - TOB COMPUTERS
2026-03-17,2215.39,,"Monitor Gamer Curvo LG UltraGear 34"", 2K WQHD, UltraWide, 160Hz, 1ms, FreeSync Premium, HDR10, Som Integrado - 34GP63A-B"
2026-03-17,1656.0,,Computador PC Gamer Completo TOB Intel Core i5 SSD 480GB 16GB Teclado Mouse Mouse Pad e Headset Gamer Monitor 19 Windows 11 Pro Trial - TOB COMPUTERS
2026-03-17,1215.0,,Computador PC Gamer Completo TOB Intel Core i5 SSD 240GB 8GB Teclado Mouse Mouse Pad e Headset Gamer Monitor 19 Windows 11 Pro Trial - TOB COMPUTERS
2026-03-17,24.9,,Mouse Gamer 6 Botões 2400DPI LED Com Fio para Jogos - Aston
2026-03-17,703.12,,"Monitor Gamer 27"" 1ms, 100Hz, IPS, AMD FreeSync, Full HD, HDMI, DP, Frameless HQ Premium HQ27IP10"
2026-03-17,499.0,,"Monitor Gamer 120Hz 1ms AOC B35 22B35HM23 21,5"" Full HD MPRT 1 VGA"
2026-03-17,1847.7,,Computador PC Gamer Completo TOB Intel Core i7 SSD 480GB 16GB Teclado Mouse Mouse Pad e Headset Gamer Monitor 19 Windows 10 Pro Trial - TOB COMPUTERS
2026-03-17,155.99,,"Teclado Gamer Redragon Lakshmi, Switch Brown, Layout 60%, ABNT2, Cinza - K606-YL&WT&GY (PT-BROWN)"
2026-03-17,649.0,,"Kindle 16 GB (Geração mais recente) - Leve e compacto, com tela antirreflexo, trocas de página mais rápidas, luz frontal ajustável e bateria de longa duração - Cor Preta"
2026-03-17,379.0,,Echo Pop (Geração mais recente) | Smart speaker compacto com som envolvente e Alexa | Cor Preta
2026-03-17,459.0,,"Echo Dot (Geração mais recente) | Smart speaker com Alexa, som vibrante e potente, Wi-Fi e Bluetooth | Cor Azul"
2026-03-17,1199.0,,"Kindle Paperwhite Signature Edition 32 GB (Geração mais recente) - O Kindle mais rápido já lançado, com luz frontal autoadaptável, carregamento sem fio e bateria que dura semanas - Cor Preta Metálica"
2026-03-17,579.0,,Echo Spot com Alexa (Geração mais recente) | Despertador inteligente com som vibrante | Cor Preta
2026-03-17,99.0,,Adaptador de energia
2026-03-17,929.07,,"Kindle Paperwhite 16 GB (Geração mais recente) - O Kindle mais rápido já lançado, com nova tela antirreflexo de 7” e bateria que dura semanas - Cor Preta"
2026-03-17,149.0,,"Capa de tecido para Kindle Paperwhite e Kindle Colorsoft, leve, dobrável e resistente a água – Cor Preta"
2026-03-17,1649.0,,"Apresentamos o Kindle Colorsoft Signature Edition (32 GB) - Com tela colorida, luz frontal autoadaptável, carregamento sem fio e bateria que dura semanas - Cor Preta Metálica"
2026-03-17,53.09,,Travesseiro Nasa Master Antialérgico Anatomico e Não Aquece Com Calor Corporal - Master Comfort
2026-03-17,8.99,,"Tapete de Banheiro Antiderrapante com Ventosas para Box e Banho 65x33cm Segurança, Conforto e Estabilidade - Tapete para Banheiro"
2026-03-17,40.49,,Travesseiro Peletizado Anti Stress Master Comfort 50X70cm Macio Confortável Lavável
2026-03-17,66.78,,Travesseiro Para Ronco Dor Cervical Postura Apneia do Sono Magnético Pastilhas IVL - Pillowmanta
2026-03-17,59.9,,Kit 2 Travesseiros Best Sono - Fibra Siliconada - Beaf
2026-03-17,44.43,,Travesseiro Soft Antialergico Fibra Siliconada Kit 4 Und - ARTE CAZZA
2026-03-17,47.41,,Travesseiro Nasa Visco Elástico 50x70 Antialergico Antiácaro Comfort Nasa - Master Comfort
2026-03-17,28.9,,Jogo de lençol casal queen 3 pçs microfibra estampas sortidas 1 - Relíquias do Interior
2026-03-17,63.04,,Jogo de Lençol Casal Queen Malha 100% Algodão 03 Peças Com Elástico - Malucasim
2026-03-17,151.05,,Kit 5 Toalhas de Banho Banhão 70 X 130 Montreal Beka Alta Absorção - Toalhas Beka
2026-03-18,46.27,,Copo de Liquidificador Compatível Mondial Turbo Premium Inox L1000 L1100 Preto - Micromax
2026-03-18,179.9,,Aspirador de Pó Vertical WAP Silent Speed Max 1350W 220V
2026-03-18,40.37,,Copo de Liquidificador Compatível Philips Walita Multiprocessador Ri7625 Power Chop Ri7630 Cristal Preto - Micromax
2026-03-18,451.14,,Panela de Pressão Elétrica MasterSteam Midea Preta e Inox - PPG70S
2026-03-18,174.9,,Mixer Britânia BMX400P 3 em 1 500W 110V
2026-03-18,43.99,,Copo de Liquidificador Compatível Britânia B1000 Cristal Tampa Preta - Micromax
2026-03-18,46.27,,Copo De Liquidificador Philco Ph900 Cristal Tampa Preta - Micromax
2026-03-18,46.27,,Copo para Liquidificador Compatível Mondial Turbo Premium E Inox L1000 L1100 Cristal - Micromax
2026-03-18,204.51,,Cafeteira Elétrica Electrolux 30 Xícaras Efficient com Jarra Inox (ECM22)
2026-03-18,44.99,,"Chaleira Elétrica Com Desligamento Automático Em Aço Inoxidável 1,8 Litros Com Base Giratória Linha Premium - BAK/SKYLINK"
2026-03-18,544.18,,Bebedouro de Água Esmaltec de Mesa Refrigerado por Compressor Stilo Black EGM30 110v
2026-03-18,622.17,,Bebedouro de Água Esmaltec de Mesa - Refrigerado por Compressor Stilo Black EGM30
2026-03-18,687.27,,Bebedouro de Água Esmaltec de Coluna Refrigerado por Compressor EGC35B
2026-03-18,429.9,,Cafeteira Nescafé Dolce Gusto Mini Me Preta 220v
2026-03-18,40.02,,Escova Secadora Profissional Seca Alisa E Modela Cabelo Com Cabo - Dfjn
2026-03-18,43.11,,Cicatricure Creme para Rugas 50g
2026-03-18,37.91,,Maquiagem Capilar A Prova De Agua Suor Resistente Pó Cabelo Barba Correção de Falhas - Sev
2026-03-18,22.46,,Deo Colônia Cebolinha 25ml - Jequiti
2026-03-18,8.99,,"Borrifador de Azeite e Óleo 100ml em Vidro Spray Pulverizador Gourmet para Cozinha, Salada, Churrasco e Temperos - Importado"
2026-03-18,154.49,,Widi Care Juba Kit - Creme de Pentear + Máscara + Geléia + Shampoo
2026-03-18,60.11,,Aparelho De Barbear Depilador Elétrico 3 Em 1 - Recarregável Kemei Shaver KM-6776
2026-03-18,132.05,,Chapinha/Prancha de Cabelo Taiff Cerâmica 180°C
2026-03-18,44.91,,Gloss Liphoney Fran by Franciny Ehlke Gloss de Mel
2026-03-18,36.81,,Goicoechea Diabetx
2026-03-18,54.9,,Penteadeira Suspensa com Gaveta Multifuncional Corrediça - Kelan
2026-03-18,62.9,,Mesas Redonda De Canto Lateral Retro Pe Palito - Kelan
2026-03-18,369.9,,Cozinha Completa Compacta Armário Multiuso com Gaveta Organizadora 5 Portas Móveis Bonatto
2026-03-18,41.15,,Base Suporte Com Rodinhas Para Geladeira Fogão Maquina De Lavar Sofá Móvel - Jodi
2026-03-18,214.9,,Armário Aereo 3 Portas com Nicho Cozinha Compacta Modular - Móveis Bonatto
2026-03-18,671.49,,Armário de Cozinha Compacta Rustic/Preto Emilly Pop Madesa XA
2026-03-18,671.49,,Conjunto Sala de Jantar Mesa Tampo de Madeira 6 Cadeiras Rustic/Crema/Bege Jaíne Madesa
2026-03-18,1091.91,,Guarda-roupa Casal com Espelho 4 Portas 6 Gavetas Araplac Atraente Sofia
2026-03-18,560.99,,Sapateira Madesa Isis 1 Porta com Espelho
2026-03-18,1359.99,,Armário de Cozinha Completa Suspenso 260cm Cinza Nice Madesa 10
2026-03-18,134.82,,"Bravecto® Cães 250mg - Antipulgas e Carrapatos - Cães de 4,5 a 10kg - 1 Comp. Mastigável - MSD Saúde Animal"
2026-03-18,48.9,,Pack Ração Úmida Pedigree Sachê Carne ao Molho para Cães Adultos de Raças Pequenas - Leve 18 Pague 15
2026-03-18,70.98,,Scalibor® 19g - Coleira Antiparasitária contra mosquitos vetores da Leishmaniose - Cães porte médio 48cm - MSD Saúde Animal
2026-03-18,65.9,,"NexGard Antipulgas e Carrapatos para Cães de 4,1 a 10kg, 1 tablete"
2026-03-18,54.24,,Pack Ração Úmida Whiskas Sachê Carne ao Molho para Gatos Adultos - Leve 20 Pague 16
2026-03-18,88.85,,"NexGard Spectra Antipulgas e Carrapatos e Vermífugo para Cães de 7,6 a 15kg - 1 tablete"
2026-03-18,109.99,,"Chalesco Tapete Higiênico Premium para Cães 90 x 60 cm – Super Absorção, Controle de Odores e Base Antivazamento | 50 Unidades"
2026-03-18,55.9,,Tapete Higiênico Premium para cães Petlike Ultrapads Aroma Lavanda 80cmx60cm 30 unid.
2026-03-18,17.9,,Pipicat Granulado Sanitario Classic 4 kg
2026-03-18,75.05,,Ferro de Passar Roupa a Seco Mondial FSN-55-W Branco
2026-03-18,99.84,,Liquidificador Mondial L99Fb Turbo Filtro 3V. 500W - 1518-01
2026-03-18,113.91,,Liquidificador Mondial Turbo Power L-99 FB Preto com Filtro 3 Velocidades 550W
2026-03-18,81.61,,Liquidificador Mondial Easy Power L-550-W Branco 2 Velocidades 550W
2026-03-18,180.41,,Liquidificador Oster 1400 Full OLIQ610 Preto 15 Velocidades + Pulsar 1400W
2026-03-18,255.55,,Aspirador de Pó e Água Electrolux 1400W Acqua Power Preto e Amarelo AQP20
2026-03-18,98.91,,Sanduicheira E Grill Britânia BGR27I Press 2 Em 1 850W 220V
2026-03-18,129.0,,Sanduicheira/Grill Britânia Press BGR27I 2 em 1 Prata 850W Antiaderente
2026-03-18,539.91,,Cafeteira Expresso & Cápsulas Philco 20 Bar Inox Red PCF24
2026-03-18,45.0,,Copo de Liquidificador Compatível Britânia B1000 Cristal Tampa Vermelha - Micromax
2026-03-18,413.51,,"Air Fryer Electrolux Family Efficient EAF51 Dark Red 6,5L com Timer"
2026-03-18,474.05,,Cafeteira Expresso Arno Nescafé Dolce Gusto Genio S Basic DGS5 Grafite
2026-03-18,75.16,,Sanduicheira e Grill Elgin Brunch Time 800W
2026-03-18,44.99,,Chaleira Elétrica Portátil De Aço Inoxidável Com Desligamento Automático Para Café Chá Agua Linha Premium - Best
2026-03-18,492.81,,Bebedouro de Água Electrolux Branco com Refrigeração Eletrônica (BE11B)
2026-03-18,494.91,,Fritadeira Air Fryer Oven 12L Mondial AFON-12L-BI 127V
2026-03-18,569.05,,Air Fryer Mondial Forno Oven AFON-12L-BI Preto e Inox 12L
2026-03-18,265.05,,Air Fryer Mondial Family AFN-40-BI Preto e Inox 4L com Timer
2026-03-18,19.9,,Máscara de Hidratação Pantene Pro-V 270ml
2026-03-18,44.01,,Cicatricure Gel 60 g
2026-03-18,205.9,,Secador Taiff Style Preto 2000W 127V
2026-03-18,75.0,,Secador de Cabelo Profissional 1600W 2200W Bocal Direcionador 127V - Dfjn
2026-03-18,309.9,,Secador Taiff Tourmaline Ion Cerâmica 127V 2100W
2026-03-18,1580.91,,Guarda-roupa Casal com Espelho 3 Portas de Correr 6 Gavetas Demóbile Londres
2026-03-18,1091.91,,Quarto de Bebê Completo com Guarda-roupa Berço e Cômoda Henn Labirinto Rústico e Branco
2026-03-18,227.91,,Escrivaninha 2 Gavetas Politorno Office Lindóia
2026-03-18,881.99,,Guarda Roupa Casal Madesa Mônaco 3 Portas de Correr com Espelho
2026-03-18,1103.91,,Guarda-roupa Casal com Espelho 6 Portas 4 Gavetas Araplac Braga
2026-03-18,41.04,,Pack Nestlé Purina Friskies Ração Úmida Para Gatos Adultos Carne Ao Molho - Com 15 Sachês 85g
2026-03-18,69.9,,Blue Premium Tapete Higiênico Para Cães 30 Unidades
2026-03-18,19.0,,Dreamies Petisco Carne Tentadora Gatos Adultos 150G
2026-03-18,29.9,,"Biscoito Pedigree Biscrok Para Cães Adultos Multi, 1 kg"
2026-03-18,72.8,,"NexGard Spectra Antipulgas e Carrapatos e Vermífugo para Cães de 3,6 a 7,5kg - 1 tablete"
2026-03-18,24.53,,O Pequeno Príncipe - Edição de Luxo Almofadada
2026-03-18,22.9,,O homem mais rico da Babilônia
2026-03-18,54.18,,Verity
2026-03-18,39.8,,Nunca minta
2026-03-18,63.08,,A hora da estrela: Edição comemorativa
2026-03-18,38.46,,A paciente silenciosa
2026-03-18,44.9,,Murdoku: 80 mistérios para resolver usando a lógica
2026-03-18,36.73,,A Metamorfose: DIE VERWANDLUNG
2026-03-18,26.69,,"A psicologia financeira: lições atemporais sobre fortuna, ganância e felicidade"
2026-03-18,14.16,,A Arte da Guerra - Sun Tzu
2026-03-18,92.9,,Sanduicheira Elétrica Cadence Click - 127V
2026-03-18,97.9,,Electrolux Kit 12 Potes Herméticos de Plástico Retangulares
2026-03-18,67.0,,Gato Panda KIT 5 Potes de Vidro Retangular com Tampa Hermética 640ml Branco ou Azul
2026-03-18,69.9,,Filtro/Refil Original de Água Acqua Pure para Purificador Electrolux PE12A/PE12B/PE12G/PE12V/PE12P
2026-03-18,494.91,,"MONDIAL Fritadeira Air Fryer Forno Oven 12L, Preto/Inox, 2000W, 110V - AFON-12L-BI"
2026-03-18,99.9,,"MONDIAL Liquidificador Turbo Power, Preto, 550W, 110V - L-99 FB"
2026-03-18,237.48,,"Stanley - Garrafa de água Aerolight com tampa de fluxo rápido, copo isolado a vácuo para bebidas frias, aço inoxidável leve, 710 ml, Polar"
2026-03-18,149.99,,"Mixer Power Inox 3 em 1 600W Elgin Lunar 110V - Mixer, triturador e batedor"
2026-03-18,17.4,,Dolce Gusto Mochaccino Em Cápsula Avelã Nescafé Caixa 170G 10 Unidades
2026-03-19,1286.07,,"Smartphone Realme C75x 8gb RAM 256gb Dual Sim NFC Tela 6.67"" Prova d'água resistente a queda - Azul"
2026-03-19,47.75,,Relógio Smart Watch Digital D20 Masculino / Feminino + Fone Bluetooth Sem Fio - 01Smart
2026-03-19,156.31,,Relógio Smartwatch Digital Pro Series 9 Nfc Gps 47mm Lançamento - 01Smart
2026-03-19,33.03,,Relogio Smartwatch Feminino Masculino D20 Fit Pro Inteligente Oferta - 01Smart
2026-03-19,3869.1,,"Smartphone Samsung Galaxy Z Flip7 FE 128GB Preto 5G 8GB RAM Tela 6,7"" Câm. Dupla de 50MP Galaxy AI"
2026-03-19,50.91,,Relógio Smart Watch Digital D20 Masculino / Feminino C/ Fone de Ouvido Sem Fio - 01Smart
2026-03-19,1889.0,,"Smartphone Samsung Galaxy A36 256GB 5G 8GB RAM Branco 6,7"" Câm. Tripla + Selfie 12MP"
2026-03-19,30.27,,Relógio Smart Watch Digital D20 Original Masculino E Feminino - 01Smart
2026-03-19,27.51,,Fone De Ouvido S/fio Bluetooth Garantia Original Nota Fiscal - 01Smart
2026-03-19,350.55,,Caixa de Som Amplificada Bluetooth Vivensis Vibe Sound V8 Power 340W USB
2026-03-19,27.18,,Fone De Ouvido Sem Fio Bluetooth F9-5 Touch Display Led - TWS
2026-03-19,46.43,,Fone De Ouvido Sem Fio Bluetooth Touch TWS + Smartwach Y8
2026-03-19,21.9,,Fone de Ouvido Com Fio Tipo C Estéreo Microfone Controle USB-C - Altomex
2026-03-19,2539.0,,"Notebook ASUS Vivobook 15 X1504VA Intel Core i5 1334U 4GB Ram 256Gb SSD Linux KeepOS Tela 15,6"" LED FHD Silver - NJ1726"
2026-03-19,5489.1,,"Notebook Gamer Acer Nitro V15 Intel Core i5 512GB SSD 16GB RAM 15,6"" Full HD Linux Gutta 144Hz IPS RTX 3050 6GB ANV15-51-582R"
2026-03-19,1979.1,,Notebook Positivo Vision C14 Intel Celeron Linux 8GB RAM 256GB eMMC 14.1” LED HD Lumina BAR - Cinza
2026-03-19,3229.02,,"Notebook Asus Vivobook Go 15, Intel Core i3-N305, 8GB/512 SSD W11 Home Tela 15.6"" FHD, Cool Silver - E1504GA-NJ435W"
2026-03-19,1934.1,,"Notebook ASUS Vivobook Go 15 Intel Celeron 4GB RAM 128GB eMMC 15,6"" UHD Rosa Windows 11+ Microsoft 365 Personal Office E510KA-BR833WS"
2026-03-19,69.34,,Mochila Masculina Faculdade Impermeável Resistente Grande Alça de Aço - Dazzore
2026-03-19,73.77,,Mochila Masculina Impermeável Faculdade Alça Reforçada Grande - Dazzore
2026-03-19,189.45,,Cartão de Memória Sandisk 128gb 64gb 32gb 16gb Original Cartão Micro Sd Ultra Sandisk 100mbs
2026-03-19,27.95,,Mouse Sem Fio 2.4 ghz Optico Recarregável Gamer USB Led Rgb Wirelles Usb Notebook - OPEN ZEE
2026-03-19,28.82,,Mouse Optico Sem Fio Recarregável USB Led Rgb Wirelles Usb Note - Prime
2026-03-19,129.0,,Sanduicheira/Grill Britânia Press BGR27I 2 em 1 Prata 850W Antiaderente
2026-03-19,46.27,,Copo de Liquidificador Compatível Mondial Turbo Premium Inox L1000 L1100 Preto - Micromax
2026-03-19,179.9,,Aspirador de Pó Vertical WAP Silent Speed Max 1350W 220V
2026-03-19,122.55,,Liquidificador Mondial Turbo L-900 FB Copo Preto Com Filtro 05 Velocidades 900W
2026-03-19,40.37,,Copo de Liquidificador Compatível Philips Walita Multiprocessador Ri7625 Power Chop Ri7630 Cristal Preto - Micromax
2026-03-19,1439.1,,"Notebook Multi Ultra UB251 4GB RAM 128GB eMMC 14"" HD Windows 11 UB251 + Mouse Sem Fio"
2026-03-19,3689.1,,"Notebook Acer Aspire Go Intel Core i5 13420H 8GB RAM 512GB SSD 15,6"" Full HD Windows 11 AG15-71P-53GM"
2026-03-19,2969.1,,Notebook ASUS Vivobook Go 15 Intel Core i3 N305 8GB RAM SSD 256GB Full HD Windows 11 E1504GA-NJ434W
2026-03-19,1934.1,,"Notebook ASUS Vivobook Go 15 Intel Celeron 4GB RAM 128GB eMMC 15,6"" UHD Star Black Windows 11+ Microsoft 365 Personal Office E510KA-BR808WS"
2026-03-19,2212.47,,"Notebook Samsung Galaxy Book Go, Windows 11 Home, Snapdragon 7c, 4GB, 128GB, 14'' Full HD LED, Copilot integrado"
2026-03-19,36.44,,Kit Teclado E Mouse Usb Com Fio Basico Preto Multilaser Slim
2026-03-19,53.29,,"Mochila Executiva Notebook Slim Faculdade Trabalho Viagem Passeio Reforçada com Porta USB 15,6'' - Madz"
2026-03-19,300.89,,"SSD Adata SU650, SATA, 240GB, 2.5"", Leitura: 520MB/s e Gravação: 450MB/s, Preto - ASU650SS-240GT-R"
2026-03-19,90.44,,Cartão De Memória 128gb Classe 10 U3 Orbitronic
2026-03-19,50.39,,Kit teclado e mouse sem fio branco computador notebook brazilpc bpc-5269/3w289
2026-03-19,26.99,,
2026-03-19,13.21,,
2026-03-19,26.69,,
2026-03-19,43.9,,
2026-03-19,19.9,,
2026-03-19,29.9,,
2026-03-19,9.98,,
2026-03-19,17.4,,
2026-03-19,17.9,,
2026-03-19,28.4,,
2026-03-19,34.36,,
2026-03-19,37.52,,
2026-03-19,24.98,,
2026-03-19,31.99,,
2026-03-19,25.9,,
2026-03-19,33.92,,
2026-03-19,36.79,,
2026-03-19,27.71,,
2026-03-19,20.1,,
2026-03-19,28.5,,
2026-03-19,24.56,,
2026-03-19,39.9,,"L'Oréal Paris Elseve Óleo Extraordinário Finalizador Capilar, Nutrição Profunda com 6 Óleos Preciosos, Anti-Frizz, Proteção Térmica até 230°C, Brilho Intenso para Todos os Tipos de Cabelo, 100ml"
2026-03-19,65.11,,La Roche-Posay Cicaplast Baume B5+ Cuidado Multirreparador Calmante
2026-03-19,52.95,,Gillette Aparelho De Barbear Mach3 Sensitive + 9 Cargas
2026-03-19,37.52,,Dove Sérum Hidratante Corporal Niacinamida + Uniformizador 380ml
2026-03-19,17.58,,"Argan Óleo Reparador 50ml , Lola Cosmetics"
2026-03-19,92.9,,Sanduicheira Elétrica Cadence Click - 127V
2026-03-19,97.9,,Electrolux Kit 12 Potes Herméticos de Plástico Retangulares
2026-03-19,9.99,,Controle Tv Remoto Philco Smart Todas Prime Video Netlix Globoplay - Mb
2026-03-19,19.9,,Controle Remoto Tv Samsung Smart - LELONG
2026-03-19,23.74,,Controle Remoto Smart Tv 4k Compatível Com Samsung
2026-03-19,58.33,,Antena Interna Para Tv Digital Amplificada 1080 Hdtv Cabo 3m - LELONG
2026-03-19,5490.92,,"Samsung Vision AI TV 75"" QLED Ultra 4K Q7F 2025, Pontos Quânticos, Processador com AI, Art Store, Alexa"
2026-03-19,446.04,,Forno Elétrico Philco 50L PFE52P Dupla Resistência
2026-03-19,2196.82,,Geladeira Midea Cycle Defrost Duplex 294 Litros Branca MD-RT411 110V
2026-03-19,2045.07,,Lavadora de Roupas Electrolux 15kg Cesto Inox 11 Programas de Lavagem Branco Premium Care Jet&Clean e Time Control LEC15
2026-03-19,566.37,,Micro-ondas Panasonic 21L NN-ST25L Branco
2026-03-19,901.55,,Micro-ondas Electrolux 36L Inox Efficient com Descongelamento Assistido ME36S
2026-03-19,47.22,,Controle Sem Fio Compatível Para Ps3 Pc Joystick Manete Cor Preto Mais Cabo de Carregamento - Doubleshock
2026-03-19,399.0,,"Controle Sony DualSense PS5, Sem Fio, Branco - 3005767"
2026-03-19,58.58,,Controle Video Game Xbx 360 Com Fio Joystick E Pc - Pah
2026-03-19,379.0,,"Controle Sony DualSense PS5, Sem Fio, Midnight Black - 3006452"
2026-03-19,371.07,,"Controle Sony DualSense PS5, Sem Fio, Starlight Blue"
2026-03-19,1801.8,,Computador PC Gamer Completo TOB Intel Core i5 SSD 480GB 16GB Teclado Mouse Mouse Pad e Headset Gamer Monitor 23 Windows 11 Pro Trial - TOB COMPUTERS
2026-03-19,2215.39,,"Monitor Gamer Curvo LG UltraGear 34"", 2K WQHD, UltraWide, 160Hz, 1ms, FreeSync Premium, HDR10, Som Integrado - 34GP63A-B"
2026-03-19,1656.0,,Computador PC Gamer Completo TOB Intel Core i5 SSD 480GB 16GB Teclado Mouse Mouse Pad e Headset Gamer Monitor 19 Windows 11 Pro Trial - TOB COMPUTERS
2026-03-19,1215.0,,Computador PC Gamer Completo TOB Intel Core i5 SSD 240GB 8GB Teclado Mouse Mouse Pad e Headset Gamer Monitor 19 Windows 11 Pro Trial - TOB COMPUTERS
2026-03-19,24.9,,Mouse Gamer 6 Botões 2400DPI LED Com Fio para Jogos - Aston
2026-03-19,649.0,,"Kindle 16 GB (Geração mais recente) - Leve e compacto, com tela antirreflexo, trocas de página mais rápidas, luz frontal ajustável e bateria de longa duração - Cor Preta"
2026-03-19,314.91,,"Fire TV Stick HD (Geração mais recente) | Com controle remoto por voz com Alexa (inclui comandos de TV), controles de casa inteligente e streaming em HD"
2026-03-19,379.0,,Echo Pop (Geração mais recente) | Smart speaker compacto com som envolvente e Alexa | Cor Preta
2026-03-19,699.0,,"Echo Show 5 (Geração mais recente) | Smart display com Alexa, graves 2x mais potentes e som mais nítido | Cor Preta"
2026-03-19,1199.0,,"Kindle Paperwhite Signature Edition 32 GB (Geração mais recente) - O Kindle mais rápido já lançado, com luz frontal autoadaptável, carregamento sem fio e bateria que dura semanas - Cor Preta Metálica"
2026-03-19,53.09,,Travesseiro Nasa Master Antialérgico Anatomico e Não Aquece Com Calor Corporal - Master Comfort
2026-03-19,8.99,,"Tapete de Banheiro Antiderrapante com Ventosas para Box e Banho 65x33cm Segurança, Conforto e Estabilidade - Tapete para Banheiro"
2026-03-19,40.49,,Travesseiro Peletizado Anti Stress Master Comfort 50X70cm Macio Confortável Lavável
2026-03-19,66.78,,Travesseiro Para Ronco Dor Cervical Postura Apneia do Sono Magnético Pastilhas IVL - Pillowmanta
2026-03-19,54.9,,Jogo de Cama Solteiro 3 Peças 150 Fios Microfibra Toque Super Macio - Sultan
2026-03-20,414.48,,Panela de Pressão Elétrica MasterSteam Midea Preta e Inox - PPG70S
2026-03-20,174.9,,Mixer Britânia BMX400P 3 em 1 500W 110V
2026-03-20,46.27,,Copo De Liquidificador Philco Ph900 Cristal Tampa Preta - Micromax
2026-03-20,151.05,,Aspirador de Pó Vertical Karcher Stick 2 em 1 com Filtro HEPA 1000W Branco
2026-03-20,46.27,,Copo para Liquidificador Compatível Mondial Turbo Premium E Inox L1000 L1100 Cristal - Micromax
2026-03-20,45.9,,Escova Secadora Profissional Seca Alisa E Modela Cabelo Com Cabo - Dfjn
2026-03-20,9.98,,Spray Borrifador Pulverizador de Óleo Azeite e Vinagre Vidro 200ml Cozinha Temperar Salada Churrasco - Spray de Azeite
2026-03-20,43.11,,Cicatricure Creme para Rugas 50g
2026-03-20,37.91,,Maquiagem Capilar A Prova De Agua Suor Resistente Pó Cabelo Barba Correção de Falhas - Sev
2026-03-20,22.46,,Deo Colônia Cebolinha 25ml - Jequiti
2026-03-20,279.9,,Armário Lavanderia 2 Portas com Espaço para Vassouras Multiuso com Rodinhas Móveis Bonatto
2026-03-20,54.9,,Penteadeira Suspensa com Gaveta Multifuncional Corrediça - Kelan
2026-03-20,62.9,,Mesas Redonda De Canto Lateral Retro Pe Palito - Kelan
2026-03-20,369.9,,Cozinha Completa Compacta Armário Multiuso com Gaveta Organizadora 5 Portas Móveis Bonatto
2026-03-20,204.51,,Cafeteira Elétrica Electrolux 30 Xícaras Efficient com Jarra Inox (ECM22)
2026-03-20,544.18,,Bebedouro de Água Esmaltec de Mesa Refrigerado por Compressor Stilo Black EGM30 110v
2026-03-20,631.47,,Bebedouro de Água Esmaltec de Mesa - Refrigerado por Compressor Stilo Black EGM30
2026-03-20,44.99,,"Chaleira Elétrica Com Desligamento Automático Em Aço Inoxidável 1,8 Litros Com Base Giratória Linha Premium - BAK/SKYLINK"
2026-03-20,429.9,,Cafeteira Nescafé Dolce Gusto Mini Me Preta 220v
2026-03-20,8.99,,"Borrifador de Azeite e Óleo 100ml em Vidro Spray Pulverizador Gourmet para Cozinha, Salada, Churrasco e Temperos - Importado"
2026-03-20,154.49,,Widi Care Juba Kit - Creme de Pentear + Máscara + Geléia + Shampoo
2026-03-20,60.11,,Aparelho De Barbear Depilador Elétrico 3 Em 1 - Recarregável Kemei Shaver KM-6776
2026-03-20,121.13,,Prancha de Cabelo Taiff Clássica Cerâmica Preta 110V/220V Bivolt 180Cº
2026-03-20,132.05,,Chapinha/Prancha de Cabelo Taiff Cerâmica 180°C
2026-03-20,262.9,,Puff Colchonete Casal 3 em 1 Colchão Dobrável Sofá Multiuso Quarto Sala Móveis Bonatto
2026-03-20,41.15,,Base Suporte Com Rodinhas Para Geladeira Fogão Maquina De Lavar Sofá Móvel - Jodi
2026-03-20,214.9,,Armário Aereo 3 Portas com Nicho Cozinha Compacta Modular - Móveis Bonatto
2026-03-20,687.29,,Armário de Cozinha Compacta Rustic/Preto Emilly Pop Madesa XA
2026-03-20,137.1,,"Bravecto® Cães 250mg - Antipulgas e Carrapatos - Cães de 4,5 a 10kg - 1 Comp. Mastigável - MSD Saúde Animal"
2026-03-20,70.98,,Scalibor® 19g - Coleira Antiparasitária contra mosquitos vetores da Leishmaniose - Cães porte médio 48cm - MSD Saúde Animal
2026-03-20,109.74,,"Chalesco Tapete Higiênico Premium para Cães 90 x 60 cm – Super Absorção, Controle de Odores e Base Antivazamento | 50 Unidades"
2026-03-20,54.24,,Pack Ração Úmida Whiskas Sachê Carne ao Molho para Gatos Adultos - Leve 20 Pague 16
2026-03-20,86.9,,"NexGard Spectra Antipulgas e Carrapatos e Vermífugo para Cães de 7,6 a 15kg - 1 tablete"
2026-03-20,52.35,,Pack Ração Úmida Pedigree Sachê Carne ao Molho para Cães Adultos de Raças Pequenas - Leve 18 Pague 15
2026-03-20,99.9,,Electrolux Kit 12 Potes Herméticos de Plástico Retangulares
2026-03-20,67.0,,Gato Panda KIT 5 Potes de Vidro Retangular com Tampa Hermética 640ml Branco ou Azul
2026-03-20,99.66,,"MONDIAL Liquidificador Turbo Power, Preto, 550W, 220V - L-99 FB"
2026-03-20,17.4,,Dolce Gusto Mochaccino Em Cápsula Avelã Nescafé Caixa 170G 10 Unidades
2026-03-20,614.99,,Purificador de Água Gelada Fria e Natural Elétrico Compacto Eletronico placa Electrolux Filtro refil 6 meses ou 3000l Painel Touch Bivolt Grafite PE12G
2026-03-20,39.9,,"L'Oréal Paris Elseve Óleo Extraordinário Finalizador Capilar, Nutrição Profunda com 6 Óleos Preciosos, Anti-Frizz, Proteção Térmica até 230°C, Brilho Intenso para Todos os Tipos de Cabelo, 100ml"
2026-03-20,29.89,,"NIVEA Sabonete Líquido Óleo de Banho 200ml, Limpeza Corporal, Pele Macia, 55% Óleos Naturais, Sensação Hidratante"
2026-03-20,50.32,,Clear Shampoo Anticaspa Men Queda Control Frasco 400Ml Branco
2026-03-20,32.99,,"Dove Óleo de Banho Hidratação Intensa e Limpeza Delicada, Glicerinado com 96% Ingredientes de Origem Natural 240 ml"
2026-03-20,98.59,,"CeraVe, Loção Hidratante Corporal, com textura Fluida e Ácido Hialurônico"
2026-03-20,33.16,,"Morte Súbita Máscara Super Hidratante 450g , Lola Cosmetics"
2026-03-20,39.55,,Carregador Turbo Tipo - C Fonte 45W + Cabo Compatível com Samsung Galaxy Carga Ultra Rápida - Hoco
2026-03-20,51.51,,Relogio Smart Watch Inteligente Masculino Feminino Compatível Samsung Galaxy Xiaomi - 01Smart
2026-03-20,2276.1,,Smartphone Xiaomi Redmi Note 14 Lançamento 256GB 128GB Câmera 108MP 20MP até 12GB Ramboost AMOLED 120Hz FHD plus celular Design Premium - Unity
2026-03-20,41.27,,Carregador Turbo Fonte 30w Usbc Cabo Compatível iPhone 15 15 plus 15 pro 15 16 max - a gold
2026-03-20,133.79,,Carregador USB-C de 20W Apple Branco Original - MUVU3BZ/A
2026-03-20,52.6,,Fone de Ouvido Bluetooth Sem Fio 3ª Geração 13 Pro Branco - Pro 13
2026-03-20,99.9,,Fone de Ouvido Sem Fio Lenovo LP40 Bluetooth 5.0
2026-03-20,27.18,,Fone De Ouvido Sem Fio Bluetooth F9-5 Carregador de Celular - TWS
2026-03-20,510.0,,Caixa Amplificada Mondial CM-400 400W Bluetooth USB Rádio FM
2026-03-20,2231.55,,Caixa de Som JBL PartyBox Encore 2 Bluetooth Amplificada Portátil 100W
2026-03-20,28.8,,Pilha Alcalina AAA com 16 unidades Elgin Palito
2026-03-20,314.91,,"Fire TV Stick HD (Geração mais recente) | Com controle remoto por voz com Alexa (inclui comandos de TV), controles de casa inteligente e streaming em HD"
2026-03-20,216.0,,"JBL, Fone de Ouvido On ear, Headphone, Tune 520BT, Sem Fio - Preto"
2026-03-20,109.9,,Duracell Pilhas Alcalinas AA Pequena Pack 24 Unidades – Dura até 10x Mais – Ideal para Controle de Videogame e Brinquedos
2026-03-20,4541.9,,Apple iPhone 16 (128 GB) – Preto
2026-03-20,13.21,,Kit Limpa Telas 100ml Rodabrill
2026-03-20,3509.1,,"Notebook Dell Inspiron 15 I15-I3100-A15P Intel Core 3 8GB RAM 512GB SSD 15,6"" Full HD Windows 11 I15-I3100-A15P"
2026-03-20,3329.1,,"Notebook ASUS Vivobook Go 15 AMD Ryzen 5 7520U 8GB RAM 512GB SSD 15,6"" Full HD Windows 11 E1504FA-NJ836W"
2026-03-20,4049.1,,"Notebook Lenovo IdeaPad Slim 3 15IRH10 Intel Core i5-13420H 16GB 512GB SSD Windows 11 15.3"" - 83NS0001BR Luna Grey"
2026-03-20,3059.1,,"Notebook HP 256R G9 Intel Core i3 1315U 8GB 256GB 15,6” Windows 11 Intel UHD Graphics BQ9K8AT#AK4"
2026-03-20,3343.12,,"Notebook ASUS Vivobook 15 Intel Core i5 1334U 8GB RAM 512GB SSD 15,6"" Full HD Windows 11 X1504VA-NJ3957W"
2026-03-20,15.9,,Cabo Carregador Tipo C Android Reforçado 2 Metros Original Inova
2026-03-20,29.61,,Mochila Mala Reforçada Notebook Impermeável Escolar Trabalho Oferta - New Bag
2026-03-20,65.9,,Teclado com fio USB Logitech K120 Resistente à Respingos e Layout ABNT2 -920-004423
2026-03-20,320.95,,"SSD Rise Mode Gamer Line, 240GB, SATA III, Leitura: 530MB/s, Gravação: 520MB/s, Preto - RM-SSD-240"
2026-03-20,37.41,,Cabo Tipo C Duplo Original Samsung
2026-03-20,539.91,,Cafeteira Expresso & Cápsulas Philco 20 Bar Inox Red PCF24
2026-03-20,45.0,,Copo de Liquidificador Compatível Britânia B1000 Cristal Tampa Vermelha - Micromax
2026-03-20,413.51,,"Air Fryer Electrolux Family Efficient EAF51 Dark Red 6,5L com Timer"
2026-03-20,474.05,,Cafeteira Expresso Arno Nescafé Dolce Gusto Genio S Basic DGS5 Grafite
2026-03-20,95.95,,Sanduicheira 127V Grill Brunch Elgin
2026-03-20,59.9,,"Mouse sem fio Logitech M170 com Design Ambidestro Compacto, Conexão USB e Pilha Inclusa - Preto"
2026-03-20,69.9,,"Cartucho de tinta HP 667 Preto Original (3YM79AB) Para Impressora Deskjet 2376, 2776, 6476, 5076, 5276"
2026-03-20,1085.0,,"Epson EcoTank L3250 - Multifuncional, Tanque de Tinta Colorida, Wi-Fi Direct, USB, Bivolt, Preto"
2026-03-20,2287.0,,"Galaxy Tab S10 Lite, 128GB, Tela 10.9"", WIFI, Cinza"
2026-03-20,55.74,,"Cartucho de Tinta HP 664 Preto Original (F6V29AB) Para Impressora Deskjet 2136, 2676, 3776, 5076, 527"
2026-03-20,99.9,,"Kit Tratamento Capilar L'Oréal Paris Elseve Glycolic Gloss, Combate Porosidade, 5 Produtos para Brilho e Alinhamento"
2026-03-20,764.74,,"Lancôme Perfume Feminino La Vie Est Belle Eau de Parfum - Fragrância Floral Gourmand Inebriante com Íris Nobre e Baunilha, Aroma de Felicidade e Feminilidade"
2026-03-20,90.1,,"L'Oréal Paris Elseve Bond Repair Kit Tratamento Completo Reparação Molecular com Ácido Cítrico, Reconstrói Ligações e Devolve Força aos Cabelos Danificados (Pré-Shampoo + Shampoo + Condicionador)"
2026-03-20,425.99,,"Armani Beauty, Stronger With You Eau de Toilette, Giorgio Armani Perfume Masculino, Fragrância Fougère Amadeirada com Notas Sálvia, Castanha, Baunilha e Lavanda"
2026-03-20,65.3,,"Kit de Skincare L'Oréal Paris Revitalift Hialurônico Creme Diurno FPS 20 + Creme Noturno, Tratamento Antirrugas Preenchedor com Ácido Hialurônico Puro 49g"
2026-03-20,71.42,,Filtro/Refil Original de Água Acqua Pure para Purificador Electrolux PE12A/PE12B/PE12G/PE12V/PE12P
2026-03-20,179.0,,"Liquidificador 1400 Full Oster Preto 3,2L - 127V"
2026-03-20,557.07,,"MONDIAL Fritadeira Air Fryer Forno Oven 12L, Preto/Inox, 2000W, 110V - AFON-12L-BI"
2026-03-20,165.3,,"Panela De Pressão Tramontina Vancouver Vermelha 4,5L."
2026-03-20,22.9,,LYOR - Forma Quadrada de Silicone para Air Fryer Cinza 20Cm x 7Cm
2026-03-23,179.9,,Aspirador de Pó Vertical WAP Silent Speed Max 1350W 220V
2026-03-23,46.27,,Copo de Liquidificador Compatível Mondial Turbo Premium Inox L1000 L1100 Preto - Micromax
2026-03-23,40.37,,Copo de Liquidificador Compatível Philips Walita Multiprocessador Ri7625 Power Chop Ri7630 Cristal Preto - Micromax
2026-03-23,174.9,,Mixer Britânia BMX400P 3 em 1 500W 110V
2026-03-23,46.27,,Copo De Liquidificador Philco Ph900 Cristal Tampa Preta - Micromax
2026-03-23,46.27,,Copo para Liquidificador Compatível Mondial Turbo Premium E Inox L1000 L1100 Cristal - Micromax
2026-03-23,45.9,,Escova Secadora Profissional Seca Alisa E Modela Cabelo Com Cabo - Dfjn
2026-03-23,9.98,,Spray Borrifador Pulverizador de Óleo Azeite e Vinagre Vidro 200ml Cozinha Temperar Salada Churrasco - Spray de Azeite
2026-03-23,37.83,,Cicatricure Creme Facial Antissinais 50g
2026-03-23,43.11,,Cicatricure Creme para Rugas 50g
2026-03-23,37.91,,Maquiagem Capilar A Prova De Agua Suor Resistente Pó Cabelo Barba Correção de Falhas - Sev
2026-03-23,279.9,,Armário Lavanderia 2 Portas com Espaço para Vassouras Multiuso com Rodinhas Móveis Bonatto
2026-03-23,60.21,,Penteadeira Suspensa com Gaveta Multifuncional Corrediça - Kelan
2026-03-23,62.9,,Mesas Redonda De Canto Lateral Retro Pe Palito - Kelan
2026-03-23,369.9,,Cozinha Completa Compacta Armário Multiuso com Gaveta Organizadora 5 Portas Móveis Bonatto
2026-03-23,262.9,,Puff Colchonete Casal 3 em 1 Colchão Dobrável Sofá Multiuso Quarto Sala Móveis Bonatto
2026-03-23,127.3,,"Bravecto® Cães 250mg - Antipulgas e Carrapatos - Cães de 4,5 a 10kg - 1 Comp. Mastigável - MSD Saúde Animal"
2026-03-23,68.0,,"NexGard Antipulgas e Carrapatos para Cães de 4,1 a 10kg, 1 tablete"
2026-03-23,56.0,,Tapete Higiênico Premium para cães Petlike Ultrapads Aroma Lavanda 80cmx60cm 30 unid.
2026-03-23,68.8,,Scalibor® 19g - Coleira Antiparasitária contra mosquitos vetores da Leishmaniose - Cães porte médio 48cm - MSD Saúde Animal
2026-03-23,17.8,,Pipicat Granulado Sanitario Classic 4 kg
2026-03-23,87.35,,Sanduicheira Elétrica Cadence Click - 220V
2026-03-23,78.9,,Filtro/Refil Original de Água Acqua Pure para Purificador Electrolux PE12A/PE12B/PE12G/PE12V/PE12P
2026-03-23,88.11,,Electrolux Kit 12 Potes Herméticos de Plástico Retangulares
2026-03-23,180.11,,"Liquidificador 1400 Full Oster Preto 3,2L - 127V"
2026-03-23,578.99,,Purificador de Água Gelada Fria e Natural Elétrico Compacto Eletronico placa Electrolux Filtro refil 6 meses ou 3000l Painel Touch Bivolt Grafite PE12G
2026-03-23,65.75,,La Roche-Posay Cicaplast Baume B5+ Cuidado Multirreparador Calmante
2026-03-23,39.98,,"L'Oréal Paris Elseve Óleo Extraordinário Finalizador Capilar, Nutrição Profunda com 6 Óleos Preciosos, Anti-Frizz, Proteção Térmica até 230°C, Brilho Intenso para Todos os Tipos de Cabelo, 100ml"
2026-03-23,52.95,,Gillette Aparelho De Barbear Mach3 Sensitive + 9 Cargas
2026-03-23,16.06,,"Danos Vorazes Óleo Reparador 50ml , Lola Cosmetics"
2026-03-23,29.89,,"NIVEA Sabonete Líquido Óleo de Banho 200ml, Limpeza Corporal, Pele Macia, 55% Óleos Naturais, Sensação Hidratante"
2026-03-23,50.06,,Relógio Inteligente D20 Notificação rede sociais Recebe Whats Fone sem fio - 01Smart
2026-03-23,47.75,,Relógio Smart Watch Digital D20 Masculino / Feminino + Fone Bluetooth Sem Fio - 01Smart
2026-03-23,156.31,,Relógio Smartwatch Digital Pro Series 9 Nfc Gps 47mm Lançamento - 01Smart
2026-03-23,33.03,,Relogio Smartwatch Feminino Masculino D20 Fit Pro Inteligente Oferta - 01Smart
2026-03-23,3869.1,,"Smartphone Samsung Galaxy Z Flip7 FE 128GB Preto 5G 8GB RAM Tela 6,7"" Câm. Dupla de 50MP Galaxy AI"
2026-03-23,27.51,,Fone De Ouvido S/fio Bluetooth Garantia Original Nota Fiscal - 01Smart
2026-03-23,350.55,,Caixa de Som Amplificada Bluetooth Vivensis Vibe Sound V8 Power 340W USB
2026-03-23,67.85,,Fone de Ouvido Bluetooth sem Fio Headset Anti-ruído Original Inova
2026-03-23,27.18,,Fone De Ouvido Sem Fio Bluetooth F9-5 Touch Display Led - TWS
2026-03-23,67.85,,Fone de Ouvido Bluetooth Sem Fio Inova Original Headphone Wireless
2026-03-23,50.91,,Relógio Smart Watch Digital D20 Masculino / Feminino C/ Fone de Ouvido Sem Fio - 01Smart
2026-03-23,1890.0,,"Smartphone Samsung Galaxy A36 256GB 5G 8GB RAM Branco 6,7"" Câm. Tripla + Selfie 12MP"
2026-03-23,30.27,,Relógio Smart Watch Digital D20 Original Masculino E Feminino - 01Smart
2026-03-23,39.55,,Carregador Turbo Tipo - C Fonte 45W + Cabo Compatível com Samsung Galaxy Carga Ultra Rápida - Hoco
2026-03-23,51.51,,Relogio Smart Watch Inteligente Masculino Feminino Compatível Samsung Galaxy Xiaomi - 01Smart
2026-03-23,46.43,,Fone De Ouvido Sem Fio Bluetooth Touch TWS + Smartwach Y8
2026-03-23,21.9,,Fone de Ouvido Com Fio Tipo C Estéreo Microfone Controle USB-C - Altomex
2026-03-23,49.97,,Fone de Ouvido Bluetooth Sem Fio 3ª Geração 13 Pro Branco - Pro 13
2026-03-23,99.9,,Fone de Ouvido Sem Fio Lenovo LP40 Bluetooth 5.0
2026-03-23,28.8,,Pilha Alcalina AAA com 16 unidades Elgin Palito
2026-03-23,314.91,,"Fire TV Stick HD (Geração mais recente) | Com controle remoto por voz com Alexa (inclui comandos de TV), controles de casa inteligente e streaming em HD"
2026-03-23,109.9,,Duracell Pilhas Alcalinas AA Pequena Pack 24 Unidades – Dura até 10x Mais – Ideal para Controle de Videogame e Brinquedos
2026-03-23,225.0,,"JBL, Fone de Ouvido On ear, Headphone, Tune 520BT, Sem Fio - Preto"
2026-03-23,2285.0,,"Galaxy Tab S10 Lite, 128GB, Tela 10.9"", WIFI, Cinza"
2026-03-23,395.24,,Faqueiro Tramontina Original AÇo Inox 91 Pcs Laguna - TRAMONTINA INOX
2026-03-23,275.39,,Panela De Pressão Tramontina 6 Litros Vancouver Effect Fechamento Externo Antiaderente
2026-03-23,50.99,,Jogo Kit Com 12 Peças Utensílios De Cozinha Colheres Espatulas Pegador Silicone Copo Suporte - Jodi
2026-03-23,30.96,,Escorredor De Louca Cozinha 13 Pratos Copo Duplo 2 Andares Porta Talheres - MetalTru
2026-03-23,204.9,,Panela de Pressão Tramontina antiaderente Starflon Max 4.5 L
2026-03-23,2539.0,,"Notebook ASUS Vivobook 15 X1504VA Intel Core i5 1334U 4GB Ram 256Gb SSD Linux KeepOS Tela 15,6"" LED FHD Silver - NJ1726"
2026-03-23,5489.1,,"Notebook Gamer Acer Nitro V15 Intel Core i5 512GB SSD 16GB RAM 15,6"" Full HD Linux Gutta 144Hz IPS RTX 3050 6GB ANV15-51-582R"
2026-03-23,1979.1,,Notebook Positivo Vision C14 Intel Celeron Linux 8GB RAM 256GB eMMC 14.1” LED HD Lumina BAR - Cinza
2026-03-23,3444.36,,"Notebook Asus Vivobook Go 15, Intel Core i3-N305, 8GB/512 SSD W11 Home Tela 15.6"" FHD, Cool Silver - E1504GA-NJ435W"
2026-03-23,1934.1,,"Notebook ASUS Vivobook Go 15 Intel Celeron 4GB RAM 128GB eMMC 15,6"" UHD Rosa Windows 11+ Microsoft 365 Personal Office E510KA-BR833WS"
2026-03-23,73.77,,Mochila Masculina Impermeável Faculdade Alça Reforçada Grande - Dazzore
2026-03-23,189.45,,Cartão de Memória Sandisk 128gb 64gb 32gb 16gb Original Cartão Micro Sd Ultra Sandisk 100mbs
2026-03-23,30.61,,Mouse Sem Fio 2.4 ghz Optico Recarregável Gamer USB Led Rgb Wirelles Usb Notebook - OPEN ZEE
2026-03-23,163.0,,Mochila Masculina Feminina Notebook Escolar Faculdade Viagem Dia a Dia Reforçada Resistente a Água Marcador de Bagagem Saida usb Fone - ACO
2026-03-23,28.82,,Mouse Optico Sem Fio Recarregável USB Led Rgb Wirelles Usb Note - Prime
2026-03-23,34.31,,Copo Mondial L1000 - Acrílico tampa preta - MM1775
2026-03-23,204.51,,Cafeteira Elétrica Electrolux 30 Xícaras Efficient com Jarra Inox (ECM22)
2026-03-23,44.99,,"Chaleira Elétrica Com Desligamento Automático Em Aço Inoxidável 1,8 Litros Com Base Giratória Linha Premium - BAK/SKYLINK"
2026-03-23,579.0,,Cafeteira Nescafé Dolce Gusto Mini Me Preta 220v
2026-03-23,539.91,,Cafeteira Expresso & Cápsulas Philco 20 Bar Inox Red PCF24
2026-03-23,59.9,,"Mouse sem fio Logitech M170 com Design Ambidestro Compacto, Conexão USB e Pilha Inclusa - Preto"
2026-03-23,75.51,,"Cartucho de tinta HP 667 Preto Original (3YM79AB) Para Impressora Deskjet 2376, 2776, 6476, 5076, 5276"
2026-03-23,1088.0,,"Epson EcoTank L3250 - Multifuncional, Tanque de Tinta Colorida, Wi-Fi Direct, USB, Bivolt, Preto"
2026-03-23,55.76,,"Cartucho de Tinta HP 664 Preto Original (F6V29AB) Para Impressora Deskjet 2136, 2676, 3776, 5076, 527"
2026-03-23,25.9,,Mouse Sem Fio Recarregável Wireless Bluetooth Optico Led Rgb Colorido Ergonômico Usb 2.4 Ghz Notebook Computador Pc Desktop Linha Premium - Cores Sortidas
2026-03-23,36.9,,Soldiers Nutrition Creatina Monohidratada 500g
2026-03-23,62.91,,"Nutrata Caramel Protein Display (12 unid. 45g), Caramel"
2026-03-23,42.83,,Sustagen Adultos Complemento Alimentar Sabor Banana - Lata 400g
2026-03-23,66.9,,Creatina Monohidratada 1Kg - 100% Pura Importada - Soldiers Nutrition
2026-03-23,159.9,,PROCART FLEX CAPS MOLE AL
2026-03-23,163.0,,"Liquidificador 1400 Full Oster Preto 3,2L - 220V"
2026-03-23,119.0,,"Mixer Power Inox 3 em 1 600W Elgin Lunar 110V - Mixer, triturador e batedor"
2026-03-23,18.8,,Dolce Gusto Mochaccino Em Cápsula Avelã Nescafé Caixa 170G 10 Unidades
2026-03-23,67.0,,Gato Panda KIT 5 Potes de Vidro Retangular com Tampa Hermética 640ml Branco ou Azul
2026-03-23,557.07,,"MONDIAL Fritadeira Air Fryer Forno Oven 12L, Preto/Inox, 2000W, 110V - AFON-12L-BI"
2026-03-23,9.99,,Controle Tv Remoto Philco Smart Todas Prime Video Netlix Globoplay - Mb
2026-03-23,19.9,,Controle Remoto Tv Samsung Smart - LELONG
2026-03-23,23.74,,Controle Remoto Smart Tv 4k Compatível Com Samsung
2026-03-23,58.33,,Antena Interna Para Tv Digital Amplificada 1080 Hdtv Cabo 3m - LELONG
2026-03-23,16.01,,Suporte TV Fixo Universal Para TV 32 42 43 50 52 55 60 65 75 90 100 Polegadas - Brasforma
2026-03-23,446.04,,Forno Elétrico Philco 50L PFE52P Dupla Resistência
2026-03-23,2429.0,,Geladeira Duplex 294L Cycle Defrost Branca Midea
2026-03-23,2091.57,,Lavadora de Roupas Electrolux 15kg Cesto Inox 11 Programas de Lavagem Branco Premium Care Jet&Clean e Time Control LEC15
2026-03-23,566.37,,Micro-ondas Panasonic 21L NN-ST25L Branco
2026-03-23,901.55,,Micro-ondas Electrolux 36L Inox Efficient com Descongelamento Assistido ME36S
2026-03-23,47.22,,Controle Sem Fio Compatível Para Ps3 Pc Joystick Manete Cor Preto Mais Cabo de Carregamento - Doubleshock
2026-03-23,399.0,,"Controle Sony DualSense PS5, Sem Fio, Branco - 3005767"
2026-03-23,58.58,,Controle Video Game Xbx 360 Com Fio Joystick E Pc - Pah
2026-03-23,379.0,,"Controle Sony DualSense PS5, Sem Fio, Midnight Black - 3006452"
2026-03-23,379.0,,"Controle Sony DualSense PS5, Sem Fio, Starlight Blue - 3006454"
2026-03-23,879.0,,"Monitor Gamer AOC 27"" Full HD 180Hz Gaming G4 27G4/P HDMI DisplayPort Base Ajustável"
2026-03-23,1710.0,,Computador PC Gamer Completo TOB Intel Core i5 SSD 480GB 16GB Teclado Mouse Mouse Pad e Headset Gamer Monitor 23 Windows 11 Pro Trial - TOB COMPUTERS
2026-03-23,2215.39,,"Monitor Gamer Curvo LG UltraGear 34"", 2K WQHD, UltraWide, 160Hz, 1ms, FreeSync Premium, HDR10, Som Integrado - 34GP63A-B"
2026-03-23,1530.0,,Computador PC Gamer Completo TOB Intel Core i5 SSD 480GB 16GB Teclado Mouse Mouse Pad e Headset Gamer Monitor 19 Windows 11 Pro Trial - TOB COMPUTERS
2026-03-23,24.9,,Mouse Gamer 6 Botões 2400DPI LED Com Fio para Jogos - Aston
2026-03-23,559.0,,"Kindle 16 GB (Geração mais recente) - Leve e compacto, com tela antirreflexo, trocas de página mais rápidas, luz frontal ajustável e bateria de longa duração - Cor Preta"
2026-03-23,459.0,,"Echo Dot (Geração mais recente) | Smart speaker com Alexa, som vibrante e potente, Wi-Fi e Bluetooth | Cor Azul"
2026-03-23,379.0,,Echo Pop (Geração mais recente) | Smart speaker compacto com som envolvente e Alexa | Cor Preta
2026-03-23,699.0,,"Echo Show 5 (Geração mais recente) | Smart display com Alexa, graves 2x mais potentes e som mais nítido | Cor Preta"
2026-03-23,1099.0,,"Kindle Paperwhite Signature Edition 32 GB (Geração mais recente) - O Kindle mais rápido já lançado, com luz frontal autoadaptável, carregamento sem fio e bateria que dura semanas - Cor Preta Metálica"
2026-03-23,53.09,,Travesseiro Nasa Master Antialérgico Anatomico e Não Aquece Com Calor Corporal - Master Comfort
2026-03-23,8.99,,"Tapete de Banheiro Antiderrapante com Ventosas para Box e Banho 65x33cm Segurança, Conforto e Estabilidade - Tapete para Banheiro"
2026-03-23,40.49,,Travesseiro Peletizado Anti Stress Master Comfort 50X70cm Macio Confortável Lavável
2026-03-23,66.78,,Travesseiro Para Ronco Dor Cervical Postura Apneia do Sono Magnético Pastilhas IVL - Pillowmanta
2026-03-23,35.99,,Kit 2 Travesseiros Best Sono - Fibra Siliconada - Beaf
2026-03-24,631.47,,Bebedouro de Água Esmaltec de Mesa - Refrigerado por Compressor Gelágua EGM30
2026-03-24,94.91,,Ferro de Passar Roupa a Vapor Mondial - Lar FVN-01-G Branco e Verde
2026-03-24,45.0,,Copo de Liquidificador Compatível Britânia B1000 Cristal Tampa Vermelha - Micromax
2026-03-24,413.51,,"Air Fryer Electrolux Family Efficient EAF51 Dark Red 6,5L com Timer"
2026-03-24,474.05,,Cafeteira Expresso Arno Nescafé Dolce Gusto Genio S Basic DGS5 Grafite
2026-03-24,22.37,,Deo Colônia Cebolinha 25ml - Jequiti
2026-03-24,8.99,,"Borrifador de Azeite e Óleo 100ml em Vidro Spray Pulverizador Gourmet para Cozinha, Salada, Churrasco e Temperos - Importado"
2026-03-24,154.49,,Widi Care Juba Kit - Creme de Pentear + Máscara + Geléia + Shampoo
2026-03-24,60.11,,Aparelho De Barbear Depilador Elétrico 3 Em 1 - Recarregável Kemei Shaver KM-6776
2026-03-24,132.05,,Chapinha/Prancha de Cabelo Taiff Cerâmica 180°C
2026-03-24,1580.91,,Guarda-roupa Casal com Espelho 3 Portas de Correr 6 Gavetas Demóbile Londres
2026-03-24,1139.91,,Quarto de Bebê Completo com Guarda-roupa Berço e Cômoda Henn Labirinto Rústico e Branco
2026-03-24,227.91,,Escrivaninha 2 Gavetas Politorno Office Lindóia
2026-03-24,863.99,,Guarda Roupa Casal Madesa Mônaco 3 Portas de Correr com Espelho
2026-03-24,1139.91,,Guarda-roupa Casal com Espelho 6 Portas 4 Gavetas Araplac Braga
2026-03-24,75.64,,"NexGard Spectra Antipulgas e Carrapatos e Vermífugo para Cães de 7,6 a 15kg - 1 tablete"
2026-03-24,109.75,,"Chalesco Tapete Higiênico Premium para Cães 90 x 60 cm – Super Absorção, Controle de Odores e Base Antivazamento | 50 Unidades"
2026-03-24,20.56,,Dreamies Petisco Carne Tentadora Gatos Adultos 150G
2026-03-24,71.99,,"NexGard Spectra Antipulgas e Carrapatos e Vermífugo para Cães de 3,6 a 7,5kg - 1 tablete"
2026-03-24,71.0,,Blue Premium Tapete Higiênico Para Cães 30 Unidades
2026-03-24,92.9,,Sanduicheira Elétrica Cadence Click - 127V
2026-03-24,659.9,,Purificador de Água Gelada Fria e Natural Elétrico Compacto Eletronico placa Electrolux Filtro refil 6 meses ou 3000l Painel Touch Bivolt Grafite PE12G
2026-03-24,47.49,,"Conjunto com 6 Xícaras de 80ml Vidropara Café de Parede Dupla, Feito de Vidro Borossilicato - Kit de Xícaras para Chá, Café e Bebidas Quentes- Presente Elegante"
2026-03-24,165.3,,"Panela De Pressão Tramontina Vancouver Vermelha 4,5L."
2026-03-24,22.9,,LYOR - Forma Quadrada de Silicone para Air Fryer Cinza 20Cm x 7Cm
2026-03-24,394.0,,"Fritadeira Airfryer Série 1000 XL, Philips Walita, 6,2 litros, Tecnologia RapidAir, Preta, 2 anos de garantia, 110v - NA130/00"
2026-03-24,25.75,,"Cabo Carregador Magnético Smartwatch Indução W27, W28, W29, W37, W59, S10, W10 Pro - 01Smart"
2026-03-24,133.79,,Carregador USB-C de 20W Apple Branco Original - MUVU3BZ/A
2026-03-24,30.1,,Carregador Turbo Fonte 30w Usbc Cabo Compatível iPhone 15 15 plus 15 pro 15 16 max - a gold
2026-03-24,1495.3,,"Smartphone Motorola Moto G56 5G 256GB - Grafite, 24GB (8GB RAM+16GB Ram Boost), Câmera 50MP e Tela 6,7"""
2026-03-24,1519.9,,Smartphone Motorola Moto G56 5G 256GB 24GB 8GB RAM+16GBe 50MP Sony Lytia 600 AI Camera IP68 + IP69
2026-03-24,28.79,,Fone Bluetooth anti ruídos para celular android iOs Notebook Prova dágua /Oferta relâmpago/ - Unity
2026-03-24,27.18,,Fone De Ouvido Sem Fio Bluetooth F9-5 Carregador de Celular - TWS
2026-03-24,390.23,,Caixa De Som Amplificada Mondial Cm400 Bluetooth 110/220V
2026-03-24,510.0,,Caixa Amplificada Mondial CM-400 400W Bluetooth USB Rádio FM
2026-03-24,32.39,,Fone de Ouvido Sem Fio Bluetooth AirPro 2 com Estojo de Carregamento Som Imersivo e Conforto Premium - TWS
2026-03-24,314.9,,
2026-03-24,1709.1,,
2026-03-24,4999.0,,
2026-03-24,2598.0,,
2026-03-24,4339.0,,
2026-03-24,199.12,,
2026-03-24,252.18,,
2026-03-24,64.8,,Estante modular com 05 prateleiras colorida 877
2026-03-24,45.12,,Kit 3 Cestos Organizadores de Bambu Multiuso com Forro - KONTUZ
2026-03-24,54.95,,"Panela de Pressao Pequena 2,5 Litros Polida -P - Fort-Lar"
2026-03-24,51.79,,"Panela Frigideira Com Cesto de Fritura Fritadeira Esmaltada Fritatudo 20cm 1,5 Litros Roa"
2026-03-24,59.9,,Pipoqueira Antiaderente 20cm 4L Cereja Nacional - Alumínio Nacional
2026-03-24,1349.1,,"Notebook Multi Ultra UB251 4GB RAM 128GB eMMC 14"" HD Windows 11 UB251 + Mouse Sem Fio"
2026-03-24,3779.1,,"Notebook Acer Aspire Go Intel Core i5 13420H 8GB RAM 512GB SSD 15,6"" Full HD Windows 11 AG15-71P-53GM"
2026-03-24,3059.1,,Notebook ASUS Vivobook Go 15 Intel Core i3 N305 8GB RAM SSD 256GB Full HD Windows 11 E1504GA-NJ434W
2026-03-24,2212.47,,"Notebook Samsung Galaxy Book Go, Windows 11 Home, Snapdragon 7c, 4GB, 128GB, 14'' Full HD LED, Copilot integrado"
2026-03-24,3599.1,,"Notebook Dell Inspiron 15 I15-I3100-A15P Intel Core 3 8GB RAM 512GB SSD 15,6"" Full HD Windows 11 I15-I3100-A15P"
2026-03-24,69.34,,Mochila Masculina Faculdade Impermeável Resistente Grande Alça de Aço - Dazzore
2026-03-24,146.7,,Mochila Bolsa Masculina Feminina Notebook Anti Furto Resistente A Agua Reforçada USB - ACO
2026-03-24,36.44,,Kit Teclado E Mouse Usb Com Fio Basico Preto Multilaser Slim
2026-03-24,53.29,,"Mochila Executiva Notebook Slim Faculdade Trabalho Viagem Passeio Reforçada com Porta USB 15,6'' - Madz"
2026-03-24,300.89,,"SSD Adata SU650, SATA, 240GB, 2.5"", Leitura: 520MB/s e Gravação: 450MB/s, Preto - ASU650SS-240GT-R"
2026-03-24,414.48,,Panela de Pressão Elétrica MasterSteam Midea Preta e Inox - PPG70S
2026-03-24,37.75,,Copo liquidificador compatível com walita serie 5000 ri 2240/42/44 - MICROMX
2026-03-24,40.92,,Copo Liquidificador L1000 Cristal Vermelho - Micromax
2026-03-24,705.87,,Bebedouro de Água Esmaltec de Coluna Refrigerado por Compressor Gelágua EGC35B
2026-03-24,589.9,,Bebedouro de Água Esmaltec de Mesa Refrigerado por Compressor Gelágua EGM30 Branco 220V
2026-03-24,49.9,,"Combo Teclado e Mouse Bluetooth Ultrafino Sem Fio, Portátil e Recarregável E Teclado sem Fio - Compatível com Tablets Android, Celular, Smartphone, iPhone, iPad mini, Pro Air 10.2 10.9 11 12.9"
2026-03-24,25.9,,Mouse Sem Fio Recarregável Wireless Bluetooth Optico Led Rgb Colorido Ergonômico Usb 2.4 Ghz Notebook Computador Pc Desktop Linha Premium - Cores Sortidas
2026-03-24,29.9,,Pen Drive Twist 32GB USB com Leitura até 10MB/s e Gravação até 3MB/s Preto Multi - PD589
2026-03-24,169.99,,"Havit Fone de Ouvido Headset Gamer Fuxi-H3 Black Com Fio e Sem Fio, Wireless 2,4GHz, Bluetooth, Cabo USB-C"
2026-03-24,10.29,,Cabo de carregador de iPhone Fast/Carga Rápida USB C Lightning Cabo Certificação MFi Tipo C Cabo de Carregamento para iPhone 13/13 Pro /12/12 Pro/Max/11/11Pro/XS/Max/XR/X/8/8Plus
2026-03-24,317.99,,Headset Gamer Redragon Zeus Pro Preto Sem Fio 7.1 H510-PRO
2026-03-24,27.5,,NIVEA Sérum Facial Cellular Luminous 630® ANTIMARCAS Acne 30ml
2026-03-24,43.85,,EUDORA SIÀGE CONDICIONADOR NUTRI ROSÈ 400ML
2026-03-24,432.0,,Montblanc Explorer Eau de Parfum 100ml
2026-03-24,90.1,,"L'Oréal Paris Elseve Bond Repair Kit Tratamento Completo Reparação Molecular com Ácido Cítrico, Reconstrói Ligações e Devolve Força aos Cabelos Danificados (Pré-Shampoo + Shampoo + Condicionador)"
2026-03-24,128.15,,"Mustela Protetor Solar 200ml FPS 50+ Filtro Solar Rosto e Corpo Para Bebês, Crianças e Adultos - Alta Proteção Solar com Fórmula Hipoalergênica para Todos os Tipos de Pele"
2026-03-24,88.11,,"Electrolux Kit 12 Potes Herméticos de Plástico Retangulares, Multiuso, Vedação Silicone, BPA Free, Porta Mantimentos"
2026-03-24,98.0,,"MONDIAL Liquidificador Turbo Power, Preto, 550W, 220V - L-99 FB"
2026-03-24,46.54,,"Potes Herméticos de Vidro com Tampa de Bambu - Kit 6 Unidades 200ml para Temperos, Grãos, Café e Organização de Cozinha"
2026-03-24,9.48,,Controle Tv Remoto Philco Smart Todas Prime Video Netlix Globoplay
2026-03-24,55.0,,Antena interna digital amplificada para tv uhf/hdtv - lelong
2026-03-24,2973.79,,"Samsung Vision AI TV 50"" QLED Ultra 4K Q7F 2025, Pontos Quânticos, Processador com AI, Art Store, Alexa"
2026-03-24,3086.55,,"Smart TV 50"" Samsung Ultra 4K QLED QN50Q7FAAGXZD Tizen Q4 AI 3 HDMI"
2026-03-24,4245.9,,Smart TV 65 Polegadas QLED 4K Samsung - QN65Q7FAA
2026-03-24,2184.99,,Geladeira Midea Duplex Cycle Defrost 294L MD-RT411
2026-03-24,539.0,,Micro-Ondas Panasonic 21LT 127V Branco NN-ST25LWRUK
2026-03-24,816.96,,Micro-ondas Electrolux Efficient ME36S Espelhado 36L
2026-03-24,2185.2,,Freezer Horizontal Consul 309 Litros CHA31FB Branco - 220 Volts
2026-03-24,3014.1,,Freezer Horizontal Consul 1 Porta 309L CHA31FBANA
2026-03-24,34.31,,Porta Carrinhos Hot Wheels Expositor 50 Carrinhos Madeira Mdf Colecionaveis - Grupo Paraiso MDF
2026-03-24,71.05,,"Controle Gamer para PC, SmartTV e Console Wireless Bluetooth - Gamers E-Sports & Entretenimento - MZTech"
2026-03-24,422.1,,Controle sem Fio DualSense Midnight Black PS5 Sony PlayStation
2026-03-24,386.1,,Controle Sem Fio Xbox Series S X One Pc Original Preto - Microsoft
2026-03-24,2099.9,,"Console Nintendo Switch + Joy-Con Neon + Mario Kart 8 Deluxe + 3 Meses de Assinatura Nintendo Switch Online, Azul e Vermelho - HBDSKABL2"
2026-03-24,719.1,,"Monitor Gamer 27"" 1ms, 100Hz, IPS, AMD FreeSync, Full HD, HDMI, DP, Frameless HQ Premium HQ27IP10"
2026-03-24,499.0,,"Monitor Gamer 120Hz 1ms AOC B35 22B35HM23 21,5"" Full HD MPRT 1 VGA"
2026-03-24,1847.7,,Computador PC Gamer Completo TOB Intel Core i7 SSD 480GB 16GB Teclado Mouse Mouse Pad e Headset Gamer Monitor 19 Windows 10 Pro Trial - TOB COMPUTERS
2026-03-24,169.99,,"Teclado Gamer Redragon Lakshmi, Switch Brown, Layout 60%, ABNT2, Cinza - K606-YL&WT&GY (PT-BROWN)"
2026-03-24,1620.9,,"Computador PC Gamer Completo TOB Intel Core i5 SSD 240GB 16GB Teclado Mouse Mouse Pad e Headset Gamer Monitor 23"" Windows 10 Pro Trial - TOB COMPUTERS"
2026-03-24,599.0,,"Kindle 16 GB (Geração mais recente) - Leve e compacto, com tela antirreflexo, trocas de página mais rápidas, luz frontal ajustável e bateria de longa duração - Cor Preta"
2026-03-24,314.9,,"Fire TV Stick HD (Geração mais recente) | Com controle remoto por voz com Alexa (inclui comandos de TV), controles de casa inteligente e streaming em HD"
2026-03-24,99.0,,Adaptador de energia
2026-03-24,1099.0,,"Kindle Paperwhite Signature Edition 32 GB (Geração mais recente) - O Kindle mais rápido já lançado, com luz frontal autoadaptável, carregamento sem fio e bateria que dura semanas - Cor Preta Metálica"
2026-03-24,3535.88,,TCL QLED SMART TV 65” 65P8K 4K UHD GOOGLE TV
2026-03-24,149.0,,"Capa de tecido para Kindle Paperwhite e Kindle Colorsoft, leve, dobrável e resistente a água – Cor Preta"
2026-03-24,929.07,,"Kindle Paperwhite 16 GB (Geração mais recente) - O Kindle mais rápido já lançado, com nova tela antirreflexo de 7” e bateria que dura semanas - Cor Preta"
2026-03-24,579.0,,Echo Spot com Alexa (Geração mais recente) | Despertador inteligente com som vibrante | Cor Preta
2026-03-24,47.41,,Travesseiro Nasa Visco Elástico 50x70 Antialergico Antiácaro Comfort Nasa - Master Comfort
2026-03-24,44.43,,Travesseiro Soft Antialergico Fibra Siliconada Kit 4 Und - ARTE CAZZA
2026-03-24,27.17,,Jogo de lençol casal queen 3 pçs microfibra estampas sortidas 1 - Relíquias do Interior
2026-03-24,63.04,,Jogo de Lençol Casal Queen Malha 100% Algodão 03 Peças Com Elástico - Malucasim
2026-03-24,32.22,,"Cortina de Cozinha Renda Tulipa 1,20x2,20m com Bando Acoplado - Duas Folhas - SouTextil"
2026-03-25,75.05,,Ferro de Passar Roupa a Seco Mondial FSN-55-W Branco
2026-03-25,99.84,,Liquidificador Mondial L99Fb Turbo Filtro 3V. 500W - 1518-01
2026-03-25,1286.07,,"Smartphone Realme C75x 8gb RAM 256gb Dual Sim NFC Tela 6.67"" Prova d'água resistente a queda - Azul"
2026-03-25,47.75,,Relógio Smart Watch Digital D20 Masculino / Feminino + Fone Bluetooth Sem Fio - 01Smart
2026-03-25,33.03,,Relogio Smartwatch Feminino Masculino D20 Fit Pro Inteligente Oferta - 01Smart
2026-03-25,3869.1,,"Smartphone Samsung Galaxy Z Flip7 FE 128GB Preto 5G 8GB RAM Tela 6,7"" Câm. Dupla de 50MP Galaxy AI"
2026-03-25,50.91,,Relógio Smart Watch Digital D20 Masculino / Feminino C/ Fone de Ouvido Sem Fio - 01Smart
2026-03-25,2099.0,,"Smartphone Samsung Galaxy A56 128GB 5G 8GB RAM Preto 6,7"" Câm Tripla + Selfie 12MP"
2026-03-25,156.31,,Relógio Smartwatch Digital Pro Series 9 Nfc Gps 47mm Lançamento - 01Smart
2026-03-25,1889.0,,"Smartphone Samsung Galaxy A36 256GB 5G 8GB RAM Branco 6,7"" Câm. Tripla + Selfie 12MP"
2026-03-25,30.27,,Relógio Smart Watch Digital D20 Original Masculino E Feminino - 01Smart
2026-03-25,39.55,,Carregador Turbo Tipo - C Fonte 45W + Cabo Compatível com Samsung Galaxy Carga Ultra Rápida - Hoco
2026-03-25,1718.09,,Smartphone Xiaomi Redmi Note 14 Lançamento 256GB 128GB Câmera 108MP 20MP até 12GB Ramboost AMOLED 120Hz FHD plus celular Design Premium - Unity
2026-03-25,51.51,,Relogio Smart Watch Inteligente Masculino Feminino Compatível Samsung Galaxy Xiaomi - 01Smart
2026-03-25,1358.99,,Smartphone Celular Xiaomi Redmi Note 14 Lançamento 256GB 8GB Câmera 108MP 20MP Tela 6.67 AMOLED 120Hz FHD plus Design Premium Dual SIM Chip IP54 Dolby
2026-03-25,72.62,,Power Bank 20Mil Carregador Portátil Carga Rápida Universal Bateria Celular Tablet - PINENG
2026-03-25,4040.1,,Smartphone Xiaomi POCO X7 5G 512GB / 256GB NFC tela Amoled 120 Hz Câmera tripla 4K 50MP OIS Desempenho Performance e Design Premium IP68
2026-03-25,27.51,,Fone De Ouvido S/fio Bluetooth Garantia Original Nota Fiscal - 01Smart
2026-03-25,350.55,,Caixa de Som Amplificada Bluetooth Vivensis Vibe Sound V8 Power 340W USB
2026-03-25,27.18,,Fone De Ouvido Sem Fio Bluetooth F9-5 Touch Display Led - TWS
2026-03-25,69.64,,Fone De Ouvido Sem Fio Bluetooth Touch TWS + Smartwach Y8
2026-03-25,18.83,,Fone de Ouvido Com Fio Tipo C Estéreo Microfone Controle USB-C - Altomex
2026-03-25,28.47,,Pilha Alcalina AAA com 16 unidades Elgin Palito
2026-03-25,369.0,,"Fire TV Stick HD (Geração mais recente) | Com controle remoto por voz com Alexa (inclui comandos de TV), controles de casa inteligente e streaming em HD"
2026-03-25,22.9,,"ELG, GENIUS, Suporte Fixo Universal de Parede Para TVs de 14” a 100”, Capacidade até 100 kg, Padrão VESA de 75x75 a 800x400mm, Preto"
2026-03-25,109.9,,Duracell Pilhas Alcalinas AA Pequena Pack 24 Unidades – Dura até 10x Mais – Ideal para Controle de Videogame e Brinquedos
2026-03-25,139.0,,"JBL, Fone de Ouvido On ear, Headphone, Tune 520BT, Sem Fio - Preto"
2026-03-25,395.24,,Faqueiro Tramontina Original AÇo Inox 91 Pcs Laguna - TRAMONTINA INOX
2026-03-25,239.5,,Panela De Pressão Effect Alumínio Revestimento Antiaderente 24 Cm 6L Vermelha Tramontina
2026-03-25,275.39,,Panela De Pressão Tramontina 6 Litros Vancouver Effect Fechamento Externo Antiaderente
2026-03-25,50.99,,Jogo Kit Com 12 Peças Utensílios De Cozinha Colheres Espatulas Pegador Silicone Copo Suporte - Jodi
2026-03-25,30.96,,Escorredor De Louca Cozinha 13 Pratos Copo Duplo 2 Andares Porta Talheres - MetalTru
2026-03-25,3329.1,,"Notebook ASUS Vivobook Go 15 AMD Ryzen 5 7520U 8GB RAM 512GB SSD 15,6"" Full HD Windows 11 E1504FA-NJ836W"
2026-03-25,3343.12,,"Notebook ASUS Vivobook 15 Intel Core i5 1334U 8GB RAM 512GB SSD 15,6"" Full HD Windows 11 X1504VA-NJ3957W"
2026-03-25,4049.1,,"Notebook Lenovo IdeaPad Slim 3 15IRH10 Intel Core i5-13420H 16GB 512GB SSD Windows 11 15.3"" - 83NS0001BR Luna Grey"
2026-03-25,2969.1,,"Notebook HP 256R G9 Intel Core i3 1315U 8GB 256GB 15,6” Windows 11 Intel UHD Graphics BQ9K8AT#AK4"
2026-03-25,3649.0,,"Notebook ASUS Vivobook 15 M1502, AMD Ryzen 7 5825U, 16GB RAM, 512 GB SSD, KeepOS, Tela 15.6, FHD, Cool Silver - M1502YA-NJ612"
2026-03-25,15.9,,Cabo Carregador Tipo C Android Reforçado 2 Metros Original Inova
2026-03-25,176.31,,Mochila Bolsa Notebook Reforçada Anti Furto Semi Impermeável - aco
2026-03-25,90.44,,Cartão De Memória 128gb Classe 10 U3 Orbitronic
2026-03-25,50.39,,Kit teclado e mouse sem fio branco computador notebook brazilpc bpc-5269/3w289
2026-03-25,29.61,,Mochila Mala Reforçada Notebook Impermeável Escolar Trabalho Oferta - New Bag
2026-03-25,179.9,,Aspirador de Pó Vertical WAP Silent Speed Max 1350W 220V
2026-03-25,34.31,,Copo Mondial L1000 - Acrílico tampa preta - MM1775
2026-03-25,46.27,,Copo de Liquidificador Compatível Mondial Turbo Premium Inox L1000 L1100 Preto - Micromax
2026-03-25,39.62,,Copo de Liquidificador Compatível Philips Walita Multiprocessador Ri7625 Power Chop Ri7630 Cristal Preto - Micromax
2026-03-25,174.9,,Mixer Britânia BMX400P 3 em 1 500W 110V
2026-03-25,2198.67,,"Galaxy Tab S10 Lite, 128GB, Tela 10.9"", WIFI, Cinza"
2026-03-25,49.9,,"Combo Teclado e Mouse Bluetooth Ultrafino Sem Fio, Portátil e Recarregável E Teclado sem Fio - Compatível com Tablets Android, Celular, Smartphone, iPhone, iPad mini, Pro Air 10.2 10.9 11 12.9"
2026-03-25,39.9,,Pen Drive Twist 64GB USB com Leitura até 10MB/s e Gravação até 3MB/s Preto Multi - PD590
2026-03-25,25.9,,Mouse Sem Fio Recarregável Wireless Bluetooth Optico Led Rgb Colorido Ergonômico Usb 2.4 Ghz Notebook Computador Pc Desktop Linha Premium - Cores Sortidas
2026-03-25,139.0,,"Dell - KM3322W, Teclado e Mouse sem fio, Preto"
2026-03-25,10.29,,Cabo de carregador de iPhone Fast/Carga Rápida USB C Lightning Cabo Certificação MFi Tipo C Cabo de Carregamento para iPhone 13/13 Pro /12/12 Pro/Max/11/11Pro/XS/Max/XR/X/8/8Plus
2026-03-25,179.0,,"Kit de Garrafas de Tinta Original Epson EcoTank T544 - Magenta, Amarelo, Ciano, Preto"
2026-03-25,99.9,,"Kit Tratamento Capilar L'Oréal Paris Elseve Glycolic Gloss, Combate Porosidade, 5 Produtos para Brilho e Alinhamento"
2026-03-25,279.78,,"Gel Lavante Calmante Mustela, 300ml, para Pele Muito Sensível, Corpo e Cabelo de Bebês e Crianças, Sem Fragrância"
2026-03-25,128.15,,"Mustela Protetor Solar 200ml FPS 50+ Filtro Solar Rosto e Corpo Para Bebês, Crianças e Adultos - Alta Proteção Solar com Fórmula Hipoalergênica para Todos os Tipos de Pele"
2026-03-25,25.9,,"Sensodyne Creme Dental para Sensibilidade Rápido Alívio e Proteção Duradoura com Flúor, Leve 3 e Pague 2, Alívio Instantâneo, 90g cada"
2026-03-25,164.2,,DEEP VITA C CAPSULE CREAM 55g
2026-03-25,165.87,,PDRN PINK EXOSOME SHOT SERUM 7500 30ml
2026-03-25,78.49,,Filtro/Refil Original de Água Acqua Pure para Purificador Electrolux PE12A/PE12B/PE12G/PE12V/PE12P
2026-03-25,634.9,,Purificador de Água Gelada Fria e Natural Elétrico Compacto Eletronico placa Electrolux Filtro refil 6 meses ou 3000l Painel Touch Bivolt Grafite PE12G
2026-03-25,100.0,,Kit 10 Potes De Vidro Borossilicato Retangular Marmita Com Tampa Hermética 640ml Resistente Premium
2026-03-25,180.09,,"Liquidificador 1400 Full Oster Preto 3,2L - 127V"
2026-03-25,47.49,,"Conjunto com 6 Xícaras de 80ml Vidropara Café de Parede Dupla, Feito de Vidro Borossilicato - Kit de Xícaras para Chá, Café e Bebidas Quentes- Presente Elegante"
2026-03-25,34.99,,Bolsa Termica Marmita Lancheira Grande Alça Ombro Trabalho Passeio Academia Dois Andares (Bolsa Preta)
2026-03-25,6174.05,,"Smart TV 75"" Samsung Ultra 4K QLED QN75Q7FAAGXZD Tizen Q4 AI 3 HDMI"
2026-03-25,54.99,,Suporte Articulado de Parede para TV 14 a 55 Polegadas LED LCD Smart Universal Até 50 Kg Aço Reforçado Kit Parafusos Inclusos - Yara
2026-03-25,91.79,,Aparelho de Karaokê DVD Player Mondial D-20
2026-03-25,2548.85,,"Smart TV 50"" LG 4K Ultra HD 50UA8550PSA webOS 25 AI Processor 4K Gen8 com Alexa 3 HDMI"
2026-03-25,3622.9,,Smart TV LG 50 4K Wi-Fi 50UA8550PSA Comando de Voz
2026-03-25,599.0,,Tanquinho Colormaq EcoMax 20kg Semiautomático Turbilhonamento LCS 20
2026-03-25,629.0,,"Maquina de Lavar Roupa Semi-Automatica Tanquinho Colormaq 20,1kg LCS20"
2026-03-25,4417.06,,Geladeira/Refrigerador Electrolux Frost Free - Inverse Cinza 490L IB7S
2026-03-25,2324.07,,Máquina de Lavar Electrolux 18kg Branca Efficient Cesto inox e Jet&Clean (LEE18)
2026-03-25,2399.0,,Lavadora de Roupas Electrolux 18kg Cesto Inox 11 Programas de Lavagem Branco Efficient LEE18
2026-03-25,1749.0,,"Volante Logitech G29 Driving Force para PS5, PS4, PS3 e PC - 941-000111"
2026-03-25,6627.74,,PlayStation 5 Pro 2024 2TB 1 Controle Branco Sony
2026-03-25,23.39,,Suporte Apoio Base Vertical Circular de Mesa Compatível com PS5 e PS5 Slim - ARTBOX3D
2026-03-25,306.81,,EA Sports FC26 para PS5 Eletronic Arts
2026-03-25,170.5,,"SSD Rise Mode Gamer Line, 128GB, SATA III, Leitura: 530MB/s, Gravação: 520MB/s, Preto - RM-SSD-128"
2026-03-25,30.61,,Mouse Sem Fio 2.4 ghz Optico Recarregável Gamer USB Led Rgb Wirelles Usb Notebook - OPEN ZEE
2026-03-25,5489.1,,"Notebook Gamer Acer Nitro V15 Intel Core i5 512GB SSD 16GB RAM 15,6"" Full HD Linux Gutta 144Hz IPS RTX 3050 6GB ANV15-51-582R"
2026-03-25,1791.0,,Computador PC Gamer Completo TOB Intel Core i5 SSD 480GB 16GB Teclado Mouse Mouse Pad e Headset Gamer Monitor 23 Windows 11 Pro Trial - TOB COMPUTERS
2026-03-25,2215.39,,"Monitor Gamer Curvo LG UltraGear 34"", 2K WQHD, UltraWide, 160Hz, 1ms, FreeSync Premium, HDR10, Som Integrado - 34GP63A-B"
2026-03-25,1530.0,,Computador PC Gamer Completo TOB Intel Core i5 SSD 480GB 16GB Teclado Mouse Mouse Pad e Headset Gamer Monitor 19 Windows 11 Pro Trial - TOB COMPUTERS
2026-03-25,599.0,,
2026-03-25,369.0,,
2026-03-25,1099.0,,
2026-03-25,949.0,,
2026-03-25,1649.0,,
2026-03-25,1399.0,,
2026-03-25,849.0,,
2026-03-25,2199.0,,
2026-03-25,52.16,,Jogo de Cama Solteiro Microfibra 3 Peças Paco Milano - Macio e Não Amassa - Sultan
2026-03-25,54.9,,Jogo de Cama Solteiro 3 Peças 150 Fios Microfibra Toque Super Macio - Sultan
2026-03-25,151.05,,Kit 5 Toalhas Beka Montreal 70x130cm Algodão Grossas Alta Absorção
2026-03-25,70.1,,"Cortina Para Cozinha Home Dona Nenê com ilhós para Varão Simples Tecido Oxfor 2,80m x 1,40m - Borda Bordados"
2026-03-25,83.33,,Jogo De Toalhas 4 Peças Teka Dry 100% Algodão
2026-03-26,109.9,,Liquidificador Mondial Turbo Power L-99 FB 2.2 Litros com Filtro 3 Velocidades 500W
2026-03-26,113.91,,Liquidificador Mondial Turbo Power L-99 FB Preto com Filtro 3 Velocidades 550W
2026-03-26,81.61,,Liquidificador Mondial Easy Power L-550-W Branco 2 Velocidades 550W
2026-03-26,190.95,,"Liquidificador Oster 1400W, 3,2 Litros, 15 Velocidades - OLIQ610"
2026-03-26,199.9,,Liquidificador Oster 1400 Full OLIQ610 Preto 15 Velocidades + Pulsar 1400W
2026-03-26,66.95,,Escova Secadora Profissional Seca Alisa E Modela Cabelo Com Cabo - Dfjn
2026-03-26,9.98,,Spray Borrifador Pulverizador de Óleo Azeite e Vinagre Vidro 200ml Cozinha Temperar Salada Churrasco - Spray de Azeite
2026-03-26,255.55,,Aspirador de Pó e Água Electrolux 1400W Acqua Power Preto e Amarelo AQP20
2026-03-26,129.0,,Sanduicheira/Grill Britânia Press BGR27I 2 em 1 Prata 850W Antiaderente
2026-03-26,114.95,,"Liquidificador Turbo 2,7 Litros, 900W L-900-FB Mondial"
2026-03-26,122.55,,Liquidificador Mondial Turbo L-900 FB Copo Preto Com Filtro 05 Velocidades 900W
2026-03-26,46.27,,Copo De Liquidificador Philco Ph900 Cristal Tampa Preta - Micromax
2026-03-26,43.11,,Cicatricure Creme para Rugas 50g
2026-03-26,37.91,,Maquiagem Capilar A Prova De Agua Suor Resistente Pó Cabelo Barba Correção de Falhas - Sev
2026-03-26,22.37,,Deo Colônia Cebolinha 25ml - Jequiti
2026-03-26,8.99,,"Borrifador de Azeite e Óleo 100ml em Vidro Spray Pulverizador Gourmet para Cozinha, Salada, Churrasco e Temperos - Importado"
2026-03-26,154.49,,Widi Care Juba Kit - Creme de Pentear + Máscara + Geléia + Shampoo
2026-03-26,279.9,,Armário Lavanderia 2 Portas com Espaço para Vassouras Multiuso com Rodinhas Móveis Bonatto
2026-03-26,369.9,,Cozinha Completa Compacta Armário Multiuso com Gaveta Organizadora 5 Portas Móveis Bonatto
2026-03-26,62.9,,Mesas Redonda De Canto Lateral Retro Pe Palito - Kelan
2026-03-26,184.9,,Puff Colchão Dobrável Solteiro 3 em 1 Colchonete Sofá Multiuso Quarto Sala Móveis Bonatto
2026-03-26,262.9,,Puff Colchonete Casal 3 em 1 Colchão Dobrável Sofá Multiuso Quarto Sala Móveis Bonatto
2026-03-26,68.0,,"NexGard Antipulgas e Carrapatos para Cães de 4,1 a 10kg, 1 tablete"
2026-03-26,56.04,,Tapete Higiênico Premium para cães Petlike Ultrapads Aroma Lavanda 80cmx60cm 30 unid.
2026-03-26,67.99,,Scalibor® 19g - Coleira Antiparasitária contra mosquitos vetores da Leishmaniose - Cães porte médio 48cm - MSD Saúde Animal
2026-03-26,17.9,,Pipicat Granulado Sanitario Classic 4 kg
2026-03-26,76.83,,"NexGard Spectra Antipulgas e Carrapatos e Vermífugo para Cães de 7,6 a 15kg - 1 tablete"
2026-03-26,92.9,,Sanduicheira Elétrica Cadence Click - 127V
2026-03-26,117.0,,"Mixer Power Inox 3 em 1 600W Elgin Lunar 110V - Mixer, triturador e batedor"
2026-03-26,634.9,,Purificador de Água Gelada Fria e Natural Elétrico Compacto Eletronico placa Electrolux Filtro refil 6 meses ou 3000l Painel Touch Bivolt Grafite PE12G
2026-03-26,17.9,,Dolce Gusto Mochaccino Em Cápsula Avelã Nescafé Caixa 170G 10 Unidades
2026-03-26,165.3,,"Panela De Pressão Tramontina Vancouver Vermelha 4,5L."
2026-03-26,47.49,,"Conjunto com 6 Xícaras de 80ml Vidropara Café de Parede Dupla, Feito de Vidro Borossilicato - Kit de Xícaras para Chá, Café e Bebidas Quentes- Presente Elegante"
2026-03-26,65.75,,La Roche-Posay Cicaplast Baume B5+ Cuidado Multirreparador Calmante
2026-03-26,15.21,,"Danos Vorazes Óleo Reparador 50ml , Lola Cosmetics"
2026-03-26,33.0,,"L'Oréal Paris Elseve Óleo Extraordinário Finalizador Capilar, Nutrição Profunda com 6 Óleos Preciosos, Anti-Frizz, Proteção Térmica até 230°C, Brilho Intenso para Todos os Tipos de Cabelo, 100ml"
2026-03-26,29.89,,"NIVEA Sabonete Líquido Óleo de Banho 200ml, Limpeza Corporal, Pele Macia, 55% Óleos Naturais, Sensação Hidratante"
2026-03-26,17.01,,"Argan Óleo Reparador 50ml , Lola Cosmetics"
2026-03-26,25.75,,"Cabo Carregador Magnético Smartwatch Indução W27, W28, W29, W37, W59, S10, W10 Pro - 01Smart"
2026-03-26,133.79,,Carregador USB-C de 20W Apple Branco Original - MUVU3BZ/A
2026-03-26,33.45,,Carregador Turbo Fonte 20w Usb-c+ Cabo Compatível com iPhone 11 12 13 14 Pro X XR XS - Hrebos
2026-03-26,41.27,,Carregador Turbo Fonte 30w Usbc Cabo Compatível iPhone 15 15 plus 15 pro 15 16 max - a gold
2026-03-26,1439.1,,"Smartphone Motorola Moto g56 5G 256GB, 8GB RAM, 16GB Ram Boost e 50MP Sony Lytia 600, Camera Ultrarresistencia militar IP68 IP69"
2026-03-26,27.89,,Fone Bluetooth anti ruídos para celular android iOs Notebook Prova dágua /Oferta relâmpago/ - Unity
2026-03-26,49.97,,Fone de Ouvido Bluetooth Sem Fio 3ª Geração 13 Pro Branco - Pro 13
2026-03-26,99.9,,Fone de Ouvido Sem Fio Lenovo LP40 Bluetooth 5.0
2026-03-26,27.18,,Fone De Ouvido Sem Fio Bluetooth F9-5 Carregador de Celular - TWS
2026-03-26,479.0,,Caixa Amplificada Mondial Connect Lights 400W Preto/Vermelho CM-400 - Bivolt
2026-03-26,333.0,,"Fire TV Stick HD (Geração mais recente) | Com controle remoto por voz com Alexa (inclui comandos de TV), controles de casa inteligente e streaming em HD"
2026-03-26,23.9,,"ELG, GENIUS, Suporte Fixo Universal de Parede Para TVs de 14” a 100”, Capacidade até 100 kg, Padrão VESA de 75x75 a 800x400mm, Preto"
2026-03-26,2885.0,,"Celular Samsung Galaxy S25 FE 5G, 128GB, 8GB, Câmera Tripla - Jet Black"
2026-03-26,235.87,,"JBL, Fone de Ouvido Bluetooth, Tune 520BT, On-ear, Sem Fio - Azul"
2026-03-26,26.59,,"PHILIPS, Fone de Ouvido com Microfone, TAUE101BK/00, Com fio de 1,2 metros, intra-auricular, Preto"
2026-03-26,459.0,,"Echo Dot (Geração mais recente) | Smart speaker com Alexa, som vibrante e potente, Wi-Fi e Bluetooth | Cor Azul"
2026-03-26,379.0,,Echo Pop (Geração mais recente) | Smart speaker compacto com som envolvente e Alexa | Cor Preta
2026-03-26,164.52,,"Panela De Pressão Effect Alumínio Revestimento Antiaderente 20 Cm 4,5 L Preto - Tramontina 20591420"
2026-03-26,204.9,,Panela de Pressão Tramontina antiaderente Starflon Max 4.5 L
2026-03-26,64.8,,Estante modular com 05 prateleiras colorida 877
2026-03-26,25.9,,Faqueiro Brinox Inox 20 Peças Veneza
2026-03-26,69.21,,Kit 3 Cestos Organizadores de Bambu Multiuso com Forro - KONTUZ
2026-03-26,9.79,,Controle Tv Remoto Philco Smart Todas Prime Video Netlix Globoplay - Mb
2026-03-26,23.74,,Controle Remoto Smart Tv 4k Compatível Com Samsung
2026-03-26,58.33,,Antena Interna Para Tv Digital Amplificada 1080 Hdtv Cabo 3m - LELONG
2026-03-26,16.01,,Suporte TV Fixo Universal Para TV 32 42 43 50 52 55 60 65 75 90 100 Polegadas - Brasforma
2026-03-26,65.52,,Controle Remoto Tv Lg Smart akb75095315 Original NETFLIX
2026-03-26,446.04,,Forno Elétrico Philco 50L PFE52P Dupla Resistência
2026-03-26,2184.99,,Geladeira Midea Duplex Cycle Defrost 294L MD-RT411
2026-03-26,2429.0,,Geladeira Duplex 294L Cycle Defrost Branca Midea
2026-03-26,706.14,,Microondas ST66N 34 Litros Panasonic
2026-03-26,347.04,,Forno Elétrico Philco PFE44P Dupla Resistência 44L
2026-03-26,47.22,,Controle Sem Fio Compatível Para Ps3 Pc Joystick Manete Cor Preto Mais Cabo de Carregamento - Doubleshock
2026-03-26,389.67,,"Controle Sony DualSense PS5, Sem Fio, Branco - 3005767"
2026-03-26,52.91,,Controle Video Game Xbx 360 Com Fio Joystick E Pc - Pah
2026-03-26,379.0,,"Controle Sony DualSense PS5, Sem Fio, Midnight Black - 3006452"
2026-03-26,379.0,,"Controle Sony DualSense PS5, Sem Fio, Starlight Blue - 3006454"
2026-03-26,24.9,,Mouse Gamer 6 Botões 2400DPI LED Com Fio para Jogos - Aston
2026-03-26,719.1,,"Monitor Gamer 27"" 1ms, 100Hz, IPS, AMD FreeSync, Full HD, HDMI, DP, Frameless HQ Premium HQ27IP10"
2026-03-26,499.0,,"Monitor Gamer 120Hz 1ms AOC B35 22B35HM23 21,5"" Full HD MPRT 1 VGA"
2026-03-26,1847.7,,Computador PC Gamer Completo TOB Intel Core i7 SSD 480GB 16GB Teclado Mouse Mouse Pad e Headset Gamer Monitor 19 Windows 10 Pro Trial - TOB COMPUTERS
2026-03-26,169.99,,"Teclado Gamer Redragon Lakshmi, Switch Brown, Layout 60%, ABNT2, Cinza - K606-YL&WT&GY (PT-BROWN)"
2026-03-26,53.99,,Travesseiro Nasa Master Antialérgico Anatomico e Não Aquece Com Calor Corporal - Master Comfort
2026-03-26,8.99,,"Tapete de Banheiro Antiderrapante com Ventosas para Box e Banho 65x33cm Segurança, Conforto e Estabilidade - Tapete para Banheiro"
2026-03-26,40.89,,Travesseiro Peletizado Anti Stress Master Comfort 50X70cm Macio Confortável Lavável
2026-03-26,66.78,,Travesseiro Para Ronco Dor Cervical Postura Apneia do Sono Magnético Pastilhas IVL - Pillowmanta
2026-03-26,59.9,,Kit 2 Travesseiros Best Sono - Fibra Siliconada - Beaf
2026-03-27,423.38,,Panela de Pressão Elétrica MasterSteam Midea Preta e Inox - PPG70S
2026-03-27,46.27,,Copo para Liquidificador Compatível Mondial Turbo Premium E Inox L1000 L1100 Cristal - Micromax
2026-03-27,4899.0,,"Apple iPhone 16e 512GB Branco 6,1"" 48MP iOS 5G"
2026-03-27,1286.07,,"Smartphone Realme C75x 8gb RAM 256gb Dual Sim NFC Tela 6.67"" Prova d'água resistente a queda - Azul"
2026-03-27,47.75,,Relógio Smart Watch Digital D20 Masculino / Feminino + Fone Bluetooth Sem Fio - 01Smart
2026-03-27,33.03,,Relogio Smartwatch Feminino Masculino D20 Fit Pro Inteligente Oferta - 01Smart
2026-03-27,3869.1,,"Smartphone Samsung Galaxy Z Flip7 FE 128GB Preto 5G 8GB RAM Tela 6,7"" Câm. Dupla de 50MP Galaxy AI"
2026-03-27,58.35,,Fone de Ouvido Bluetooth sem Fio Headset Anti-ruído Original Inova
2026-03-27,67.85,,Fone de Ouvido Bluetooth Sem Fio Inova Original Headphone Wireless
2026-03-27,510.0,,Caixa Amplificada Mondial CM-400 400W Bluetooth USB Rádio FM
2026-03-27,80.99,,Fone de Ouvido Sem Fio Bluetooth AirPro 2 com Estojo de Carregamento Som Imersivo e Conforto Premium - TWS
2026-03-27,2089.05,,Caixa de Som JBL PartyBox Encore 2 Bluetooth Amplificada Portátil 100W
2026-03-27,4499.1,,Apple iPhone 16 (128 GB) – Rosa
2026-03-27,279.8,,"Fire TV Stick HD (Geração mais recente) | Com controle remoto por voz com Alexa (inclui comandos de TV), controles de casa inteligente e streaming em HD"
2026-03-27,1099.0,,"Epson EcoTank L3250 - Multifuncional, Tanque de Tinta Colorida, Wi-Fi Direct, USB, Bivolt, Preto"
2026-03-27,69.99,,"Filtro de Linha CLAMPER iCLAMPER Energia 5, 5 Tomadas, Proteção Contra Surtos Elétricos, 10A, Bivolt, Cabo 1m, Transparente"
2026-03-27,199.12,,"soundcore P30i da Anker, Fone de Ouvido Bluetooth 5.4 com Cancelamento de Ruído Adaptativo, Graves Poderosos, 45H de Reprodução, Estojo 2-em-1 com Suporte para Celular, IP54, Fone sem fio TWS, Preto"
2026-03-27,699.0,,"Celular Samsung Galaxy A07 128GB, 4GB, Câm. 50MP, Tela 6.7""- Preto"
2026-03-27,54.95,,"Panela de Pressao Pequena 2,5 Litros Polida -P - Fort-Lar"
2026-03-27,51.79,,"Panela Frigideira Com Cesto de Fritura Fritadeira Esmaltada Fritatudo 20cm 1,5 Litros Roa"
2026-03-27,53.91,,Pipoqueira Antiaderente 20cm 4L Cereja Nacional - Alumínio Nacional
2026-03-27,54.99,,Panela Frigideira De Indução E Fogão A Gás Antiaderente De Cerâmica Reforçada Linha Premium - MALIBU/HOME GOODS/AMAR
2026-03-27,480.1,,Jogo de Panelas Brinox Revestimento Cerâmico Preto 5 Peças Carbon Ceramic Life
2026-03-27,2539.0,,"Notebook ASUS Vivobook 15 X1504VA Intel Core i5 1334U 4GB Ram 256Gb SSD Linux KeepOS Tela 15,6"" LED FHD Silver - NJ1726"
2026-03-27,1979.1,,Notebook Positivo Vision C14 Intel Celeron Linux 8GB RAM 256GB eMMC 14.1” LED HD Lumina BAR - Cinza
2026-03-27,3180.82,,"Notebook Asus Vivobook Go 15, Intel Core i3-N305, 8GB/512 SSD W11 Home Tela 15.6"" FHD, Cool Silver - E1504GA-NJ435W"
2026-03-27,1934.1,,"Notebook ASUS Vivobook Go 15 Intel Celeron 4GB RAM 128GB eMMC 15,6"" UHD Rosa Windows 11+ Microsoft 365 Personal Office E510KA-BR833WS"
2026-03-27,1439.1,,"Notebook Multi Ultra UB251 4GB RAM 128GB eMMC 14"" HD Windows 11 UB251 + Mouse Sem Fio"
2026-03-27,73.77,,Mochila Masculina Impermeável Faculdade Alça Reforçada Grande - Dazzore
2026-03-27,189.45,,Cartão de Memória Sandisk 128gb 64gb 32gb 16gb Original Cartão Micro Sd Ultra Sandisk 100mbs
2026-03-27,163.0,,Mochila Masculina Feminina Notebook Escolar Faculdade Viagem Dia a Dia Reforçada Resistente a Água Marcador de Bagagem Saida usb Fone - ACO
2026-03-27,28.82,,Mouse Optico Sem Fio Recarregável USB Led Rgb Wirelles Usb Note - Prime
2026-03-27,36.44,,Kit Teclado E Mouse Usb Com Fio Basico Preto Multilaser Slim
2026-03-27,75.05,,Ferro de Passar Roupa a Seco Mondial FSN-55-W Branco
2026-03-27,179.9,,Aspirador de Pó Vertical WAP Silent Speed Max 1350W 220V
2026-03-27,40.41,,Copo de Liquidificador Compatível Mondial Turbo Premium Inox L1000 L1100 Preto - Micromax
2026-03-27,39.62,,Copo de Liquidificador Compatível Philips Walita Multiprocessador Ri7625 Power Chop Ri7630 Cristal Preto - Micromax
2026-03-27,174.9,,Mixer Britânia BMX400P 3 em 1 500W 110V
2026-03-27,69.9,,"Cartucho de tinta HP 667 Preto Original (3YM79AB) Para Impressora Deskjet 2376, 2776, 6476, 5076, 5276"
2026-03-27,59.9,,"Mouse sem fio Logitech M170 com Design Ambidestro Compacto, Conexão USB e Pilha Inclusa - Preto"
2026-03-27,2384.1,,"Galaxy Tab S10 Lite, 128GB, Tela 10.9"", WIFI, Cinza"
2026-03-27,49.9,,"Combo Teclado e Mouse Bluetooth Ultrafino Sem Fio, Portátil e Recarregável E Teclado sem Fio - Compatível com Tablets Android, Celular, Smartphone, iPhone, iPad mini, Pro Air 10.2 10.9 11 12.9"
2026-03-27,149.99,,Headset Gamer Redragon Zeus Lite Preto P3 H510-LT
2026-03-27,27.5,,NIVEA Sérum Facial Cellular Luminous 630® ANTIMARCAS Acne 30ml
2026-03-27,104.84,,Truss Leave-in Hair Protector | Proteção Térmica e Hidratação | 250ml
2026-03-27,128.15,,"Mustela Protetor Solar 200ml FPS 50+ Filtro Solar Rosto e Corpo Para Bebês, Crianças e Adultos - Alta Proteção Solar com Fórmula Hipoalergênica para Todos os Tipos de Pele"
2026-03-27,90.1,,"L'Oréal Paris Elseve Bond Repair Kit Tratamento Completo Reparação Molecular com Ácido Cítrico, Reconstrói Ligações e Devolve Força aos Cabelos Danificados (Pré-Shampoo + Shampoo + Condicionador)"
2026-03-27,67.68,,Truss Equilibrium Scalp Shampoo 300ml
2026-03-27,74.1,,Filtro/Refil Original de Água Acqua Pure para Purificador Electrolux PE12A/PE12B/PE12G/PE12V/PE12P
2026-03-27,97.9,,"Electrolux Kit 12 Potes Herméticos de Plástico Retangulares, Multiuso, Vedação Silicone, BPA Free, Porta Mantimentos"
2026-03-27,650.0,,Purificador de Água Gelada Fria e Natural Elétrico Compacto Eletronico placa Electrolux Filtro refil 6 meses ou 3000l Painel Touch Bivolt Grafite PE12G
2026-03-27,129.9,,Kit 10 Potes Herméticos de Vidro 640ml Refratário para Forno Ideal para Marmitas e Conservação de Alimentos
2026-03-27,180.09,,"Liquidificador 1400 Full Oster Preto 3,2L - 127V"
2026-03-27,9.48,,Controle Tv Remoto Philco Smart Todas Prime Video Netlix Globoplay
2026-03-27,19.9,,Controle Remoto Tv Samsung Smart - LELONG
2026-03-27,6174.05,,"Smart TV 75"" Samsung Ultra 4K QLED QN75Q7FAAGXZD Tizen Q4 AI 3 HDMI"
2026-03-27,54.99,,Suporte Articulado de Parede para TV 14 a 55 Polegadas LED LCD Smart Universal Até 50 Kg Aço Reforçado Kit Parafusos Inclusos - Yara
2026-03-27,44.49,,Controle Remoto Smart TV LG AKB75095315 LH40RBH UN32FH4205
2026-03-27,2028.82,,Lavadora de Roupas Electrolux 15kg Cesto Inox 11 Programas de Lavagem Branco Premium Care Jet&Clean e Time Control LEC15
2026-03-27,539.0,,Micro-Ondas Panasonic 21LT 127V Branco NN-ST25LWRUK
2026-03-27,566.37,,Micro-ondas Panasonic 21L NN-ST25L Branco
2026-03-27,901.55,,Micro-ondas Electrolux 36L Inox Efficient com Descongelamento Assistido ME36S
2026-03-27,2306.6,,Freezer Horizontal Consul 309 Litros CHA31FB Branco - 220 Volts
2026-03-27,879.0,,"Monitor Gamer AOC 27"" Full HD 180Hz Gaming G4 27G4/P HDMI DisplayPort Base Ajustável"
2026-03-27,1710.0,,"Computador PC Gamer Completo TOB Intel Core i7 SSD 480GB 16GB Teclado Mouse Mouse Pad e Headset Gamer Monitor 19"" Windows 10 Pro Trial - TOB COMPUTERS"
2026-03-27,1499.99,,"Computador PC Gamer Completo TOB Intel Core i5 SSD 240GB 16GB Teclado Mouse Mouse Pad e Headset Gamer Monitor 23"" Windows 10 Pro Trial - TOB COMPUTERS"
2026-03-27,859.76,,"Monitor Gamer LG 24"" UltraGear Full HD IPS 180Hz 1Ms HDMI DisplayPort FreeSync 24GS60F-B Bivolt"
2026-03-27,1253.99,,"Monitor Gamer Curvo Samsung Odyssey G5 32"", QHD, 165Hz, 1ms, FreeSync, HDR10 - LS32CG552ELMZD"
2026-03-27,569.0,,"Kindle 16 GB (Geração mais recente) - Leve e compacto, com tela antirreflexo, trocas de página mais rápidas, luz frontal ajustável e bateria de longa duração - Cor Preta"
2026-03-27,1099.0,,"Kindle Paperwhite Signature Edition 32 GB (Geração mais recente) - O Kindle mais rápido já lançado, com luz frontal autoadaptável, carregamento sem fio e bateria que dura semanas - Cor Preta Metálica"
2026-03-27,99.0,,Adaptador de energia
2026-03-27,629.0,,"Echo Show 5 (Geração mais recente) | Smart display com Alexa, graves 2x mais potentes e som mais nítido | Cor Preta"
2026-03-27,45.99,,Travesseiro Comfort Nasa Viscoelástico Master Macio Alto Antialérgico Anti Ácaro 50x70cm - MASTER COMFORT
2026-03-27,47.41,,Travesseiro Nasa Visco Elástico 50x70 Antialergico Antiácaro Comfort Nasa - Master Comfort
2026-03-27,44.43,,Travesseiro Soft Antialergico Fibra Siliconada Kit 4 Und - ARTE CAZZA
2026-03-27,28.9,,Jogo de lençol casal queen 3 pçs microfibra estampas sortidas 1 - Relíquias do Interior
2026-03-27,62.31,,Jogo de Lençol Casal Queen Malha 100% Algodão 03 Peças Com Elástico - Malucasim
2026-03-28,241.71,,Aspirador de Pó e Água Electrolux 1400W 11L Acqua Power com Função Sopro Amarelo (AQP20)
2026-03-28,37.75,,Copo liquidificador compatível com walita serie 5000 ri 2240/42/44 - MICROMX
2026-03-28,151.05,,Aspirador de Pó Vertical Karcher Stick 2 em 1 com Filtro HEPA 1000W Branco
2026-03-28,161.41,,Ferro de Passar Roupa a Vapor e a Seco Electrolux Experience Care ESI51 Verde Claro
2026-03-28,204.51,,Cafeteira Elétrica Electrolux 30 Xícaras Efficient com Jarra Inox (ECM22)
2026-03-28,60.11,,Aparelho De Barbear Depilador Elétrico 3 Em 1 - Recarregável Kemei Shaver KM-6776
2026-03-28,101.26,,Chapinha/Prancha Cerâmica 180ºC Bivolt - Taiff
2026-03-28,132.05,,Chapinha/Prancha de Cabelo Taiff Cerâmica 180°C
2026-03-28,26.91,,Gloss Labial Fran by Franciny Ehlke LipHoney
2026-03-28,44.91,,Gloss Liphoney Fran by Franciny Ehlke Gloss de Mel
2026-03-28,1580.91,,Guarda-roupa Casal com Espelho 3 Portas de Correr 6 Gavetas Demóbile Londres
2026-03-28,1139.91,,Quarto de Bebê Completo com Guarda-roupa Berço e Cômoda Henn Labirinto Rústico e Branco
2026-03-28,227.91,,Escrivaninha 2 Gavetas Politorno Office Lindóia
2026-03-28,863.99,,Guarda Roupa Casal Madesa Mônaco 3 Portas de Correr com Espelho
2026-03-28,1139.91,,Guarda-roupa Casal com Espelho 6 Portas 4 Gavetas Araplac Braga
2026-03-28,116.39,,"Bravecto® Cães 250mg - Antipulgas e Carrapatos - Cães de 4,5 a 10kg - 1 Comp. Mastigável - MSD Saúde Animal"
2026-03-28,52.07,,Tapete Higiênico Premium para cães Petlike Ultrapads Aroma Neutro 80cmx60cm 30 unid.
2026-03-28,109.0,,"Chalesco Tapete Higiênico Premium para Cães 90 x 60 cm – Super Absorção, Controle de Odores e Base Antivazamento | 50 Unidades"
2026-03-28,63.49,,"NexGard Spectra Antipulgas e Carrapatos e Vermífugo para Cães de 3,6 a 7,5kg - 1 tablete"
2026-03-28,70.99,,Blue Premium Tapete Higiênico Para Cães 30 Unidades
2026-03-28,650.0,,Purificador de Água Gelada Fria e Natural Elétrico Compacto Eletronico placa Electrolux Filtro refil 6 meses ou 3000l Painel Touch Bivolt Grafite PE12G
2026-03-28,96.04,,"MONDIAL Liquidificador Turbo Power, Preto, 550W, 220V - L-99 FB"
2026-03-28,34.49,,Bolsa Termica Marmita Lancheira Grande Alça Ombro Trabalho Passeio Academia Dois Andares (Bolsa Preta)
2026-03-28,369.0,,"Fritadeira Airfryer Série 1000 XL, Philips Walita, 6,2 litros, Tecnologia RapidAir, Preta, 2 anos de garantia, 110v - NA130/00"
2026-03-28,67.0,,Gato Panda KIT 5 Potes de Vidro Retangular com Tampa Hermética 640ml Branco ou Azul
2026-03-28,44.9,,BLACK+DECKER Mixer Multiuso Sem Fio com Haste Removível M150
2026-03-28,33.0,,"L'Oréal Paris Elseve Óleo Extraordinário Finalizador Capilar, Nutrição Profunda com 6 Óleos Preciosos, Anti-Frizz, Proteção Térmica até 230°C, Brilho Intenso para Todos os Tipos de Cabelo, 100ml"
2026-03-28,78.9,,Gillette Aparelho De Barbear Mach3 Sensitive + 9 Cargas
2026-03-28,89.99,,"CeraVe, Loção Hidratante Corporal, com textura Fluida e Ácido Hialurônico"
2026-03-28,26.91,,Lola Cosmetics Rapunzel - Tônico Capilar 230ml
2026-03-28,34.11,,"Morte Súbita Máscara Super Hidratante 450g , Lola Cosmetics"
2026-03-28,40.44,,"Protetor Solar Facial Principia FPS 60, 16,5% Mix de Filtros UV + 5% Niacinamida FPS 60 PS-01 com 40ml"
2026-03-28,50.91,,Relógio Smart Watch Digital D20 Masculino / Feminino C/ Fone de Ouvido Sem Fio - 01Smart
2026-03-28,2099.0,,"Smartphone Samsung Galaxy A56 128GB 5G 8GB RAM Preto 6,7"" Câm Tripla + Selfie 12MP"
2026-03-28,1889.0,,"Smartphone Samsung Galaxy A36 256GB 5G 8GB RAM Branco 6,7"" Câm. Tripla + Selfie 12MP"
2026-03-28,39.55,,Carregador Turbo Tipo - C Fonte 45W + Cabo Compatível com Samsung Galaxy Carga Ultra Rápida - Hoco
2026-03-28,51.51,,Relogio Smart Watch Inteligente Masculino Feminino Compatível Samsung Galaxy Xiaomi - 01Smart
2026-03-28,27.51,,Fone De Ouvido S/fio Bluetooth Garantia Original Nota Fiscal - 01Smart
2026-03-28,350.55,,Caixa de Som Amplificada Bluetooth Vivensis Vibe Sound V8 Power 340W USB
2026-03-28,27.18,,Fone De Ouvido Sem Fio Bluetooth F9-5 Touch Display Led - TWS
2026-03-28,41.79,,Fone De Ouvido Sem Fio Bluetooth Touch TWS + Smartwach Y8
2026-03-28,18.83,,Fone de Ouvido Com Fio Tipo C Estéreo Microfone Controle USB-C - Altomex
2026-03-28,28.47,,Pilha Alcalina AAA com 16 unidades Elgin Palito
2026-03-28,299.0,,"Fire TV Stick HD (Geração mais recente) | Com controle remoto por voz com Alexa (inclui comandos de TV), controles de casa inteligente e streaming em HD"
2026-03-28,435.11,,"Echo Dot (Geração mais recente) | Smart speaker com Alexa, som vibrante e potente, Wi-Fi e Bluetooth | Cor Branca"
2026-03-28,199.12,,"soundcore P30i da Anker, Fone de Ouvido Bluetooth 5.4 com Cancelamento de Ruído Adaptativo, Graves Poderosos, 45H de Reprodução, Estojo 2-em-1 com Suporte para Celular, IP54, Fone sem fio TWS, Preto"
2026-03-28,2296.8,,"Smartphone Samsung Galaxy A56 5G 256GB, 8GB RAM, Câmera 50MP, IP67, Super AMOLED 6.7"", Recursos AI, Preto"
2026-03-28,1320.5,,"Celular Samsung Galaxy A17, 256GB, 8GB, 50MP Tela 6.7"", IP54 - Cinza"
2026-03-28,299.0,,"Smartwatch Samsung Galaxy Fit3 Display 1.6"" Grafite"
2026-03-28,464.99,,Faqueiro Tramontina Original AÇo Inox 91 Pcs Laguna - TRAMONTINA INOX
2026-03-28,275.39,,Panela De Pressão Tramontina 6 Litros Vancouver Effect Fechamento Externo Antiaderente
2026-03-28,50.99,,Jogo Kit Com 12 Peças Utensílios De Cozinha Colheres Espatulas Pegador Silicone Copo Suporte - Jodi
2026-03-28,30.96,,Escorredor De Louca Cozinha 13 Pratos Copo Duplo 2 Andares Porta Talheres - MetalTru
2026-03-28,8.99,,"Borrifador de Azeite e Óleo 100ml em Vidro Spray Pulverizador Gourmet para Cozinha, Salada, Churrasco e Temperos - Importado"
2026-03-28,5489.1,,"Notebook Gamer Acer Nitro V15 Intel Core i5 512GB SSD 16GB RAM 15,6"" Full HD Linux Gutta 144Hz IPS RTX 3050 6GB ANV15-51-582R"
2026-03-28,3779.1,,"Notebook Acer Aspire Go Intel Core i5 13420H 8GB RAM 512GB SSD 15,6"" Full HD Windows 11 AG15-71P-53GM"
2026-03-28,2212.47,,"Notebook Samsung Galaxy Book Go, Windows 11 Home, Snapdragon 7c, 4GB, 128GB, 14'' Full HD LED, Copilot integrado"
2026-03-28,3059.1,,Notebook ASUS Vivobook Go 15 Intel Core i3 N305 8GB RAM SSD 256GB Full HD Windows 11 E1504GA-NJ434W
2026-03-28,3719.07,,"Notebook Dell Inspiron 15 I15-I3100-A15P Intel Core 3 8GB RAM 512GB SSD 15,6"" Full HD Windows 11 I15-I3100-A15P"
2026-03-28,30.61,,Mouse Sem Fio 2.4 ghz Optico Recarregável Gamer USB Led Rgb Wirelles Usb Notebook - OPEN ZEE
2026-03-28,146.7,,Mochila Bolsa Masculina Feminina Notebook Anti Furto Resistente A Agua Reforçada USB - ACO
2026-03-28,53.29,,"Mochila Executiva Notebook Slim Faculdade Trabalho Viagem Passeio Reforçada com Porta USB 15,6'' - Madz"
2026-03-28,300.89,,"SSD Adata SU650, SATA, 240GB, 2.5"", Leitura: 520MB/s e Gravação: 450MB/s, Preto - ASU650SS-240GT-R"
2026-03-28,69.34,,Mochila Masculina Faculdade Impermeável Resistente Grande Alça de Aço - Dazzore
2026-03-28,113.91,,Liquidificador Mondial Turbo Power L-99 FB Preto com Filtro 3 Velocidades 550W
2026-03-28,81.61,,Liquidificador Mondial Easy Power L-550-W Branco 2 Velocidades 550W
2026-03-28,199.9,,Liquidificador Oster 1400 Full OLIQ610 Preto 15 Velocidades + Pulsar 1400W
2026-03-28,255.55,,Aspirador de Pó e Água Electrolux 1400W Acqua Power Preto e Amarelo AQP20
2026-03-28,129.0,,Sanduicheira/Grill Britânia Press BGR27I 2 em 1 Prata 850W Antiaderente
2026-03-28,69.9,,"Cartucho de Tinta HP 664 Preto Original (F6V29AB) Para Impressora Deskjet 2136, 2676, 3776, 5076, 527"
2026-03-28,49.9,,"Combo Teclado e Mouse Bluetooth Ultrafino Sem Fio, Portátil e Recarregável E Teclado sem Fio - Compatível com Tablets Android, Celular, Smartphone, iPhone, iPad mini, Pro Air 10.2 10.9 11 12.9"
2026-03-28,139.0,,"Dell - KM3322W, Teclado e Mouse sem fio, Preto"
2026-03-28,39.9,,Pen Drive Twist 64GB USB com Leitura até 10MB/s e Gravação até 3MB/s Preto Multi - PD590
2026-03-28,159.0,,"ELG, F80N, Suporte Articulado de Mesa, Pistão a Gás, Design Compacto e Retrátil, Ergonômico, Monitores 17'' a 35'', 2kg a 9kg, Preto"
2026-03-28,179.0,,"Kit de Garrafas de Tinta Original Epson EcoTank T544 - Magenta, Amarelo, Ciano, Preto"
2026-03-28,89.99,,"Finish Advanced Detergente para Lava Louças em Pó, Sabão Limpeza Profunda, 2,5kg"
2026-03-28,35.84,,"Finish Powerball Detergente para Lava Louças, Tabletes com Secante, 30 Tabletes"
2026-03-28,36.9,,Soldiers Nutrition Creatina Monohidratada 500g
2026-03-28,118.86,,"Finish Powerball Detergente para Lava Louças em Tabletes com Secante, 91 Tabletes"
2026-03-28,17.41,,Detergente para Lava Louças em tabletes Finish Quantum All in 1 com 10 unidades
2026-03-28,90.21,,Sanduicheira Elétrica Cadence Click - 127V
2026-03-28,117.0,,"Mixer Power Inox 3 em 1 600W Elgin Lunar 110V - Mixer, triturador e batedor"
2026-03-28,17.9,,Dolce Gusto Mochaccino Em Cápsula Avelã Nescafé Caixa 170G 10 Unidades
2026-03-28,67.14,,MODUS Garrafa Térmica Esportiva De Aço Inoxidável Com Isolamento A Vácuo De 1000ML (Verde)
2026-03-28,253.27,,"WAP Fritadeira Elétrica Air Fryer GRAND WAFG2S 5,2L Temperatura Ajustável, Revestimento Antiaderente, 1500W 220v"
2026-03-30,46.27,,Copo de Liquidificador Compatível Mondial Turbo Premium Inox L1000 L1100 Preto - Micromax
2026-03-30,40.37,,Copo de Liquidificador Compatível Philips Walita Multiprocessador Ri7625 Power Chop Ri7630 Cristal Preto - Micromax
2026-03-30,174.9,,Mixer Britânia BMX400P 3 em 1 500W 110V
2026-03-30,46.27,,Copo De Liquidificador Philco Ph900 Cristal Tampa Preta - Micromax
2026-03-30,46.27,,Copo para Liquidificador Compatível Mondial Turbo Premium E Inox L1000 L1100 Cristal - Micromax
2026-03-30,66.95,,Escova Secadora Profissional Seca Alisa E Modela Cabelo Com Cabo - Dfjn
2026-03-30,9.98,,Spray Borrifador Pulverizador de Óleo Azeite e Vinagre Vidro 200ml Cozinha Temperar Salada Churrasco - Spray de Azeite
2026-03-30,43.11,,Cicatricure Creme para Rugas 50g
2026-03-30,22.37,,Deo Colônia Cebolinha 25ml - Jequiti
2026-03-30,37.91,,Maquiagem Capilar A Prova De Agua Suor Resistente Pó Cabelo Barba Correção de Falhas - Sev
2026-03-30,279.9,,Armário Lavanderia 2 Portas com Espaço para Vassouras Multiuso com Rodinhas Móveis Bonatto
2026-03-30,369.9,,Cozinha Completa Compacta Armário Multiuso com Gaveta Organizadora 5 Portas Móveis Bonatto
2026-03-30,62.9,,Mesas Redonda De Canto Lateral Retro Pe Palito - Kelan
2026-03-30,262.9,,Puff Colchonete Casal 3 em 1 Colchão Dobrável Sofá Multiuso Quarto Sala Móveis Bonatto
2026-03-30,45.56,,Base Suporte Com Rodinhas Para Geladeira Fogão Maquina De Lavar Sofá Móvel - Jodi
2026-03-30,119.98,,"Bravecto® Cães 250mg - Antipulgas e Carrapatos - Cães de 4,5 a 10kg - 1 Comp. Mastigável - MSD Saúde Animal"
2026-03-30,56.03,,Tapete Higiênico Premium para cães Petlike Ultrapads Aroma Lavanda 80cmx60cm 30 unid.
2026-03-30,57.74,,Scalibor® 19g - Coleira Antiparasitária contra mosquitos vetores da Leishmaniose - Cães porte médio 48cm - MSD Saúde Animal
2026-03-30,64.48,,"NexGard Antipulgas e Carrapatos para Cães de 4,1 a 10kg, 1 tablete"
2026-03-30,20.56,,Dreamies Petisco Carne Tentadora Gatos Adultos 150G
2026-03-30,65.0,,Filtro/Refil Original de Água Acqua Pure para Purificador Electrolux PE12A/PE12B/PE12G/PE12V/PE12P
2026-03-30,679.0,,Purificador de Água Gelada Fria e Natural Elétrico Compacto Eletronico placa Electrolux Filtro refil 6 meses ou 3000l Painel Touch Bivolt Grafite PE12G
2026-03-30,89.0,,"Electrolux Kit 12 Potes Herméticos de Plástico Retangulares, Multiuso, Vedação Silicone, BPA Free, Porta Mantimentos"
2026-03-30,174.6,,"Liquidificador 1400 Full Oster Preto 3,2L - 127V"
2026-03-30,94.12,,"MONDIAL Liquidificador Turbo Power, Preto, 550W, 220V - L-99 FB"
2026-03-30,2539.0,,"Notebook ASUS Vivobook 15 X1504VA Intel Core i5 1334U 4GB Ram 256Gb SSD Linux KeepOS Tela 15,6"" LED FHD Silver - NJ1726"
2026-03-30,5579.1,,"Notebook Gamer Acer Nitro V15 Intel Core i5 512GB SSD 16GB RAM 15,6"" Full HD Linux Gutta 144Hz IPS RTX 3050 6GB ANV15-51-582R"
2026-03-30,1979.1,,Notebook Positivo Vision C14 Intel Celeron Linux 8GB RAM 256GB eMMC 14.1” LED HD Lumina BAR - Cinza
2026-03-30,1979.1,,"Notebook ASUS Vivobook Go 15 Intel Celeron 4GB RAM 128GB eMMC 15,6"" UHD Rosa Windows 11+ Microsoft 365 Personal Office E510KA-BR833WS"
2026-03-30,1439.1,,"Notebook Multi Ultra UB251 4GB RAM 128GB eMMC 14"" HD Windows 11 UB251 + Mouse Sem Fio"
2026-03-30,73.77,,Mochila Masculina Impermeável Faculdade Alça Reforçada Grande - Dazzore
2026-03-30,189.45,,Cartão de Memória Sandisk 128gb 64gb 32gb 16gb Original Cartão Micro Sd Ultra Sandisk 100mbs
2026-03-30,27.95,,Mouse Sem Fio 2.4 ghz Optico Recarregável Gamer USB Led Rgb Wirelles Usb Notebook - OPEN ZEE
2026-03-30,28.82,,Mouse Optico Sem Fio Recarregável USB Led Rgb Wirelles Usb Note - Prime
2026-03-30,36.44,,Kit Teclado E Mouse Usb Com Fio Basico Preto Multilaser Slim
2026-03-30,75.05,,Ferro de Passar Roupa a Seco Mondial FSN-55-W Branco
2026-03-30,113.91,,Liquidificador Mondial Turbo Power L-99 FB Preto com Filtro 3 Velocidades 550W
2026-03-30,81.61,,Liquidificador Mondial Easy Power L-550-W Branco 2 Velocidades 550W
2026-03-30,199.9,,Liquidificador Oster 1400 Full OLIQ610 Preto 15 Velocidades + Pulsar 1400W
2026-03-30,255.55,,Aspirador de Pó e Água Electrolux 1400W Acqua Power Preto e Amarelo AQP20
2026-03-30,77.0,,"Cartucho de tinta HP 667 Preto Original (3YM79AB) Para Impressora Deskjet 2376, 2776, 6476, 5076, 5276"
2026-03-30,1099.0,,"Epson EcoTank L3250 - Multifuncional, Tanque de Tinta Colorida, Wi-Fi Direct, USB, Bivolt, Preto"
2026-03-30,59.9,,"Mouse sem fio Logitech M170 com Design Ambidestro Compacto, Conexão USB e Pilha Inclusa - Preto"
2026-03-30,2293.22,,"Galaxy Tab S10 Lite, 128GB, Tela 10.9"", WIFI, Cinza"
2026-03-30,49.9,,"Combo Teclado e Mouse Bluetooth Ultrafino Sem Fio, Portátil e Recarregável E Teclado sem Fio - Compatível com Tablets Android, Celular, Smartphone, iPhone, iPad mini, Pro Air 10.2 10.9 11 12.9"
2026-03-30,20.89,,Secret Desodorante Antitranspirante em Gel Invisível Lavanda 73g
2026-03-30,31.3,,"L'Oréal Paris Elseve Óleo Extraordinário Finalizador Capilar, Nutrição Profunda com 6 Óleos Preciosos, Anti-Frizz, Proteção Térmica até 230°C, Brilho Intenso para Todos os Tipos de Cabelo, 100ml"
2026-03-30,49.9,,"L'Oréal Professionnel Serie Expert Absolut Repair, Shampoo Reconstrutor para Cabelos Danificados e Finos Refil com Quinoa Dourada, Reparação Profunda e Brilho Intenso 240ml"
2026-03-30,13.99,,"Granado Refil Sabonete Bebê, Camomila, 250ml"
2026-03-30,289.04,,"Kérastase Nutritive Sérum Capilar Noturno 8H Magic Night Para Cabelos Secos com Nutrição Profunda, Proteção Contra a Fricção do Travesseiro e Cabelos Mais Fortes 90ml"
2026-03-30,90.21,,Sanduicheira Elétrica Cadence Click - 127V
2026-03-30,111.0,,"Mixer Power Inox 3 em 1 600W Elgin Lunar 110V - Mixer, triturador e batedor"
2026-03-30,78.99,,MODUS Garrafa Térmica Esportiva De Aço Inoxidável Com Isolamento A Vácuo De 1000ML (Verde)
2026-03-30,19.99,,Dolce Gusto Mochaccino Em Cápsula Avelã Nescafé Caixa 170G 10 Unidades
2026-03-30,34.49,,Bolsa Termica Marmita Lancheira Grande Alça Ombro Trabalho Passeio Academia Dois Andares (Bolsa Preta)
2026-03-30,9.79,,Controle Tv Remoto Philco Smart Todas Prime Video Netlix Globoplay - Mb
2026-03-30,19.9,,Controle Remoto Tv Samsung Smart - LELONG
2026-03-30,23.74,,Controle Remoto Smart Tv 4k Compatível Com Samsung
2026-03-30,55.0,,Antena interna digital amplificada para tv uhf/hdtv - lelong
2026-03-30,58.33,,Antena Interna Para Tv Digital Amplificada 1080 Hdtv Cabo 3m - LELONG
2026-03-30,446.04,,Forno Elétrico Philco 50L PFE52P Dupla Resistência
2026-03-30,2117.55,,Geladeira Duplex 294L Cycle Defrost Branca Midea
2026-03-30,2028.82,,Lavadora de Roupas Electrolux 15kg Cesto Inox 11 Programas de Lavagem Branco Premium Care Jet&Clean e Time Control LEC15
2026-03-30,539.0,,Micro-Ondas Panasonic 21LT 127V Branco NN-ST25LWRUK
2026-03-30,566.37,,Micro-ondas Panasonic 21L NN-ST25L Branco
2026-03-30,47.22,,Controle Sem Fio Compatível Para Ps3 Pc Joystick Manete Cor Preto Mais Cabo de Carregamento - Doubleshock
2026-03-30,429.0,,"Controle Sony DualSense PS5, Sem Fio, Branco - 3005767"
2026-03-30,52.91,,Controle Video Game Xbx 360 Com Fio Joystick E Pc - Pah
2026-03-30,429.0,,"Controle Sony DualSense PS5, Sem Fio, Midnight Black - 3006452"
2026-03-30,429.0,,"Controle Sony DualSense PS5, Sem Fio, Starlight Blue - 3006454"
2026-03-30,1791.0,,Computador PC Gamer Completo TOB Intel Core i5 SSD 480GB 16GB Teclado Mouse Mouse Pad e Headset Gamer Monitor 23 Windows 11 Pro Trial - TOB COMPUTERS
2026-03-30,2316.09,,"Monitor Gamer Curvo LG UltraGear 34"", 2K WQHD, UltraWide, 160Hz, 1ms, FreeSync Premium, HDR10, Som Integrado - 34GP63A-B"
2026-03-30,773.1,,"Monitor Gamer Acer Nitro Series KG273 G0bi 27"" Full HD 120Hz IPS 1ms HDMI UM.HX3AA.005"
2026-03-30,1647.0,,Computador PC Gamer Completo TOB Intel Core i5 SSD 480GB 16GB Teclado Mouse Mouse Pad e Headset Gamer Monitor 19 Windows 11 Pro Trial - TOB COMPUTERS
2026-03-30,1269.0,,Computador PC Gamer Completo TOB Intel Core i5 SSD 240GB 8GB Teclado Mouse Mouse Pad e Headset Gamer Monitor 19 Windows 11 Pro Trial - TOB COMPUTERS
2026-03-30,569.0,,"Kindle 16 GB (Geração mais recente) - Leve e compacto, com tela antirreflexo, trocas de página mais rápidas, luz frontal ajustável e bateria de longa duração - Cor Preta"
2026-03-30,299.0,,"Fire TV Stick HD (Geração mais recente) | Com controle remoto por voz com Alexa (inclui comandos de TV), controles de casa inteligente e streaming em HD"
2026-03-30,429.0,,"Echo Dot (Geração mais recente) | Smart speaker com Alexa, som vibrante e potente, Wi-Fi e Bluetooth | Cor Branca"
2026-03-30,379.0,,Echo Pop (Geração mais recente) | Smart speaker compacto com som envolvente e Alexa | Cor Preta
2026-03-30,99.0,,Adaptador de energia
2026-03-30,55.75,,Travesseiro Nasa Master Antialérgico Anatomico e Não Aquece Com Calor Corporal - Master Comfort
2026-03-30,8.54,,"Tapete de Banheiro Antiderrapante com Ventosas para Box e Banho 65x33cm Segurança, Conforto e Estabilidade - Tapete para Banheiro"
2026-03-30,40.89,,Travesseiro Peletizado Anti Stress Master Comfort 50X70cm Macio Confortável Lavável
2026-03-30,66.78,,Travesseiro Para Ronco Dor Cervical Postura Apneia do Sono Magnético Pastilhas IVL - Pillowmanta
2026-03-30,59.9,,Kit 2 Travesseiros Best Sono - Fibra Siliconada - Beaf
2026-03-31,179.9,,Aspirador de Pó Vertical WAP Silent Speed Max 1350W 220V
2026-03-31,395.57,,Panela de Pressão Elétrica MasterSteam Midea Preta e Inox - PPG70S
2026-03-31,204.51,,Cafeteira Elétrica Electrolux 30 Xícaras Efficient com Jarra Inox (ECM22)
2026-03-31,631.47,,Bebedouro de Água Esmaltec de Mesa - Refrigerado por Compressor Stilo Black EGM30
2026-03-31,44.99,,"Chaleira Elétrica Com Desligamento Automático Em Aço Inoxidável 1,8 Litros Com Base Giratória Linha Premium - BAK/SKYLINK"
2026-03-31,8.54,,"Borrifador de Azeite e Óleo 100ml em Vidro Spray Pulverizador Gourmet para Cozinha, Salada, Churrasco e Temperos - Importado"
2026-03-31,171.65,,Widi Care Juba Kit - Creme de Pentear + Máscara + Geléia + Shampoo
2026-03-31,60.11,,Aparelho De Barbear Depilador Elétrico 3 Em 1 - Recarregável Kemei Shaver KM-6776
2026-03-31,109.9,,Chapinha/Prancha de Cabelo Taiff Cerâmica 180°
2026-03-31,26.91,,Gloss Labial Fran by Franciny Ehlke LipHoney
2026-03-31,156.66,,Puff Multiuso 3 em 1 Solteiro Colchonete Dobrável Sofá Cama Espuma Confortável Lançamento - LoveHome
2026-03-31,214.9,,Armário Aereo 3 Portas com Nicho Cozinha Compacta Modular - Móveis Bonatto
2026-03-31,692.99,,Armário de Cozinha Compacta Rustic/Preto Emilly Pop Madesa XA
2026-03-31,710.99,,Conjunto Sala de Jantar Mesa Tampo de Madeira 6 Cadeiras Rustic/Crema/Bege Jaíne Madesa
2026-03-31,1139.91,,Guarda-roupa Casal com Espelho 4 Portas 6 Gavetas Araplac Atraente Sofia
2026-03-31,1286.07,,"Smartphone Realme C75x 8gb RAM 256gb Dual Sim NFC Tela 6.67"" Prova d'água resistente a queda - Azul"
2026-03-31,47.75,,Relógio Smart Watch Digital D20 Masculino / Feminino + Fone Bluetooth Sem Fio - 01Smart
2026-03-31,156.31,,Relógio Smartwatch Digital Pro Series 9 Nfc Gps 47mm Lançamento - 01Smart
2026-03-31,33.03,,Relogio Smartwatch Feminino Masculino D20 Fit Pro Inteligente Oferta - 01Smart
2026-03-31,50.91,,Relógio Smart Watch Digital D20 Masculino / Feminino C/ Fone de Ouvido Sem Fio - 01Smart
2026-03-31,27.89,,Fone Bluetooth anti ruídos para celular android iOs Notebook Prova dágua /Oferta relâmpago/ - Unity
2026-03-31,27.51,,Fone De Ouvido S/fio Bluetooth Garantia Original Nota Fiscal - 01Smart
2026-03-31,350.55,,Caixa de Som Amplificada Bluetooth Vivensis Vibe Sound V8 Power 340W USB
2026-03-31,27.18,,Fone De Ouvido Sem Fio Bluetooth F9-5 Touch Display Led - TWS
2026-03-31,41.79,,Fone De Ouvido Sem Fio Bluetooth Touch TWS + Smartwach Y8
2026-03-31,28.47,,Pilha Alcalina AAA com 16 unidades Elgin Palito
2026-03-31,279.82,,"Fire TV Stick HD (Geração mais recente) | Com controle remoto por voz com Alexa (inclui comandos de TV), controles de casa inteligente e streaming em HD"
2026-03-31,44.9,,Duracell Pilhas Alcalinas AA Pequena Pack 8 Unidades – Dura até 10x Mais – Ideal para Controles Remotos Brinquedos e Lanternas
2026-03-31,269.91,,"Smartwatch Samsung Galaxy Fit3 Display 1.6"" Grafite"
2026-03-31,69.99,,"Filtro de Linha CLAMPER iCLAMPER Energia 5, 5 Tomadas, Proteção Contra Surtos Elétricos, 10A, Bivolt, Cabo 1m, Transparente"
2026-03-31,4769.1,,Apple iPhone 16 (128 GB) – Branco
2026-03-31,3779.1,,"Notebook Acer Aspire Go Intel Core i5 13420H 8GB RAM 512GB SSD 15,6"" Full HD Windows 11 AG15-71P-53GM"
2026-03-31,2882.07,,"Notebook Samsung Galaxy Book Go, Windows 11 Home, Snapdragon 7c, 4GB, 128GB, 14'' Full HD LED, Copilot integrado"
2026-03-31,239.5,,Panela De Pressão Effect Alumínio Revestimento Antiaderente 24 Cm 6L Vermelha Tramontina
2026-03-31,270.29,,Panela De Pressão Tramontina 6 Litros Vancouver Effect Fechamento Externo Antiaderente
2026-03-31,50.99,,Jogo Kit Com 12 Peças Utensílios De Cozinha Colheres Espatulas Pegador Silicone Copo Suporte - Jodi
2026-03-31,30.96,,Escorredor De Louca Cozinha 13 Pratos Copo Duplo 2 Andares Porta Talheres - MetalTru
2026-03-31,164.52,,"Panela De Pressão Effect Alumínio Revestimento Antiaderente 20 Cm 4,5 L Preto - Tramontina 20591420"
2026-03-31,2699.1,,"Notebook Samsung Book Go Snapdragon 7c 4GB RAM 128GB 14"" Full HD Windows 11 NP340XLA-K0ABR"
2026-03-31,3059.1,,Notebook ASUS Vivobook Go 15 Intel Core i3 N305 8GB RAM SSD 256GB Full HD Windows 11 E1504GA-NJ434W
2026-03-31,3719.07,,"Notebook Dell Inspiron 15 I15-I3100-A15P Intel Core 3 8GB RAM 512GB SSD 15,6"" Full HD Windows 11 I15-I3100-A15P"
2026-03-31,3431.12,,"Notebook ASUS Vivobook 15 Intel Core i5 1334U 8GB RAM 512GB SSD 15,6"" Full HD Windows 11 X1504VA-NJ3957W"
2026-03-31,53.29,,"Mochila Executiva Notebook Slim Faculdade Trabalho Viagem Passeio Reforçada com Porta USB 15,6'' - Madz"
2026-03-31,351.04,,"SSD Adata SU650, SATA, 240GB, 2.5"", Leitura: 520MB/s e Gravação: 450MB/s, Preto - ASU650SS-240GT-R"
2026-03-31,69.34,,Mochila Masculina Faculdade Impermeável Resistente Grande Alça de Aço - Dazzore
2026-03-31,15.9,,Cabo Carregador Tipo C Android Reforçado 2 Metros Original Inova
2026-03-31,90.44,,Cartão De Memória 128gb Classe 10 U3 Orbitronic
2026-03-31,241.71,,Aspirador de Pó e Água Electrolux 1400W 11L Acqua Power com Função Sopro Amarelo (AQP20)
2026-03-31,135.79,,Sanduicheira/Grill Britânia Press BGR27I 2 em 1 Prata 850W Antiaderente
2026-03-31,34.31,,Copo Mondial L1000 - Acrílico tampa preta - MM1775
2026-03-31,122.55,,Liquidificador Mondial Turbo L-900 FB Copo Preto Com Filtro 05 Velocidades 900W
2026-03-31,37.75,,Copo liquidificador compatível com walita serie 5000 ri 2240/42/44 - MICROMX
2026-03-31,179.0,,"Kit de Garrafas de Tinta Original Epson EcoTank T544 - Magenta, Amarelo, Ciano, Preto"
2026-03-31,49.9,,"Combo Teclado e Mouse Bluetooth Ultrafino Sem Fio, Portátil e Recarregável E Teclado sem Fio - Compatível com Tablets Android, Celular, Smartphone, iPhone, iPad mini, Pro Air 10.2 10.9 11 12.9"
2026-03-31,139.99,,"Dell - KM3322W, Teclado e Mouse sem fio, Preto"
2026-03-31,69.9,,"Cartucho de Tinta HP 664 Preto Original (F6V29AB) Para Impressora Deskjet 2136, 2676, 3776, 5076, 527"
2026-03-31,169.99,,"Havit Fone de Ouvido Headset Gamer Fuxi-H3 Black Com Fio e Sem Fio, Wireless 2,4GHz, Bluetooth, Cabo USB-C"
2026-03-31,309.9,,Headset Gamer Redragon Zeus Pro Preto Sem Fio 7.1 H510-PRO
2026-03-31,289.04,,"Kérastase Nutritive Sérum Capilar Noturno 8H Magic Night Para Cabelos Secos com Nutrição Profunda, Proteção Contra a Fricção do Travesseiro e Cabelos Mais Fortes 90ml"
2026-03-31,31.3,,"L'Oréal Paris Elseve Óleo Extraordinário Finalizador Capilar, Nutrição Profunda com 6 Óleos Preciosos, Anti-Frizz, Proteção Térmica até 230°C, Brilho Intenso para Todos os Tipos de Cabelo, 100ml"
2026-03-31,49.9,,"L'Oréal Professionnel Serie Expert Absolut Repair, Shampoo Reconstrutor para Cabelos Danificados e Finos Refil com Quinoa Dourada, Reparação Profunda e Brilho Intenso 240ml"
2026-03-31,32.39,,"Morte Súbita Máscara Super Hidratante 450g , Lola Cosmetics"
2026-03-31,39.79,,"Kit Cronograma Capilar Be(m) dita Ghee 3 Produtos, Lola Cosmetics"
2026-03-31,49.66,,"Neutrogena Hidratante Corporal Body Care Intensive Hidrata&Repara, Kit com 2 Unidades de 400ml"
2026-03-31,305.91,,Kit Wella Professionals Fusion Shampoo Condicionador e Válvula (4 produtos)
2026-03-31,762.99,,"Lancôme Perfume Feminino La Vie Est Belle Eau de Parfum - Fragrância Floral Gourmand Inebriante com Íris Nobre e Baunilha, Aroma de Felicidade e Feminilidade"
2026-03-31,86.34,,Sanduicheira Elétrica Cadence Click - 220V
2026-03-31,76.0,,"Stanley - Copo de cerveja isolado, copo empilhável Stay Chill de 473 ml, para bebidas quentes ou frias"
2026-03-31,14.9,,"Mimo Style Cafeteira Prensa Francesa, Capacidade Para 350 ml, Com Haste e Alça, Resistente, Suporta Altas e Baixas Temperaturas (-20 °C a 180 °C), Excelente Sistema de Filtragem"
2026-03-31,427.3,,"Batedeira Planetária Oster Bowl Inox III, OBAT641, 220V"
2026-03-31,634.9,,Purificador de Água Gelada Fria e Natural Elétrico Compacto Eletronico placa Electrolux Filtro refil 6 meses ou 3000l Painel Touch Bivolt Grafite PE12G
2026-03-31,57.99,,Gato Panda KIT 5 Potes de Vidro Retangular com Tampa Hermética 640ml Branco ou Azul
2026-03-31,2849.05,,"Smart TV 50"" Samsung Ultra 4K QLED QN50Q7FAAGXZD Tizen Q4 AI 3 HDMI"
2026-03-31,4245.9,,Smart TV 65 Polegadas QLED 4K Samsung - QN65Q7FAA
2026-03-31,4321.55,,"Smart TV 65"" Samsung Ultra 4K QLED QN65Q7FAAGXZD Tizen Q4 AI 3 HDMI"
2026-03-31,3229.05,,"Smart TV 55"" Samsung Ultra 4K QLED QN55Q7FAAGXZD Tizen Q4 AI 3 HDMI"
2026-03-31,16.01,,Suporte TV Fixo Universal Para TV 32 42 43 50 52 55 60 65 75 90 100 Polegadas - Brasforma
2026-03-31,706.14,,Microondas ST66N 34 Litros Panasonic
2026-03-31,347.04,,Forno Elétrico Philco PFE44P Dupla Resistência 44L
2026-03-31,577.98,,Micro-ondas Mondial Mo-02-34-e 34 Litros 1.400W
2026-03-31,729.9,,Micro-ondas 34L Mondial MO-02-34-E Prata 127V
2026-03-31,3068.07,,Geladeira Electrolux Frost Free com AutoSense 431L Efficient Duplex Inox Look (TF70S)
2026-03-31,34.31,,Porta Carrinhos Hot Wheels Expositor 50 Carrinhos Madeira Mdf Colecionaveis - Grupo Paraiso MDF
2026-03-31,71.05,,"Controle Gamer para PC, SmartTV e Console Wireless Bluetooth - Gamers E-Sports & Entretenimento - MZTech"
2026-03-31,386.1,,Controle Sem Fio Xbox Series S X One Pc Original Preto - Microsoft
2026-03-31,422.1,,Controle sem Fio DualSense Midnight Black PS5 Sony PlayStation
2026-03-31,2099.9,,"Console Nintendo Switch + Joy-Con Neon + Mario Kart 8 Deluxe + 3 Meses de Assinatura Nintendo Switch Online, Azul e Vermelho - HBDSKABL2"
2026-03-31,24.9,,Mouse Gamer 6 Botões 2400DPI LED Com Fio para Jogos - Aston
2026-03-31,499.0,,"Monitor Gamer 120Hz 1ms AOC B35 22B35HM23 21,5"" Full HD MPRT 1 VGA"
2026-03-31,719.1,,"Monitor Gamer 27"" 1ms, 100Hz, IPS, AMD FreeSync, Full HD, HDMI, DP, Frameless HQ Premium HQ27IP10"
2026-03-31,1710.0,,"Computador PC Gamer Completo TOB Intel Core i7 SSD 480GB 16GB Teclado Mouse Mouse Pad e Headset Gamer Monitor 19"" Windows 10 Pro Trial - TOB COMPUTERS"
2026-03-31,1847.7,,Computador PC Gamer Completo TOB Intel Core i7 SSD 480GB 16GB Teclado Mouse Mouse Pad e Headset Gamer Monitor 19 Windows 10 Pro Trial - TOB COMPUTERS
2026-03-31,569.0,,"Kindle 16 GB (Geração mais recente) - Leve e compacto, com tela antirreflexo, trocas de página mais rápidas, luz frontal ajustável e bateria de longa duração - Cor Preta"
2026-03-31,479.0,,Echo Spot com Alexa (Geração mais recente) | Despertador inteligente com som vibrante | Cor Preta
2026-03-31,1099.0,,"Kindle Paperwhite Signature Edition 32 GB (Geração mais recente) - O Kindle mais rápido já lançado, com luz frontal autoadaptável, carregamento sem fio e bateria que dura semanas - Cor Preta Metálica"
2026-03-31,629.0,,"Echo Show 5 (Geração mais recente) | Smart display com Alexa, graves 2x mais potentes e som mais nítido | Cor Preta"
2026-03-31,149.0,,"Capa de tecido para Kindle Paperwhite e Kindle Colorsoft, leve, dobrável e resistente a água – Cor Preta"
2026-03-31,1499.0,,"Apresentamos o Kindle Colorsoft Signature Edition (32 GB) - Com tela colorida, luz frontal autoadaptável, carregamento sem fio e bateria que dura semanas - Cor Preta Metálica"
2026-03-31,54.9,,Jogo de Cama Solteiro 3 Peças 150 Fios Microfibra Toque Super Macio - Sultan
2026-03-31,47.41,,Travesseiro Nasa Visco Elástico 50x70 Antialergico Antiácaro Comfort Nasa - Master Comfort
2026-03-31,44.43,,Travesseiro Soft Antialergico Fibra Siliconada Kit 4 Und - Arte & Cazza
2026-03-31,62.31,,Jogo de Lençol Casal Queen Malha 100% Algodão 03 Peças Com Elástico - Malucasim
2026-03-31,28.9,,Jogo de lençol casal queen 3 pçs microfibra estampas sortidas 1 - Relíquias do Interior
2026-04-01,43.11,,Copo De Liquidificador Mondial L-1000W L-1100W L-1200W Tampa Vermelha Cristal - Micromax
2026-04-01,595.0,,Bebedouro de Mesa Refrigerado por Compressor - Esmaltec Gelágua EGM30 Preto 110V
2026-04-01,579.0,,Cafeteira Nescafé Dolce Gusto Mini Me Preta 220v
2026-04-01,494.91,,Cafeteira Expresso & Cápsulas Philco 20 Bar Inox Red PCF24
2026-04-01,45.0,,Copo de Liquidificador Compatível Britânia B1000 Cristal Tampa Vermelha - Micromax
2026-04-01,44.91,,Gloss Liphoney Fran by Franciny Ehlke Gloss de Mel
2026-04-01,36.81,,Goicoechea Diabetx
2026-04-01,21.77,,Máscara de Hidratação Pantene Pro-V 270ml
2026-04-01,44.01,,Cicatricure Gel 60 g
2026-04-01,197.01,,Secador de Cabelo Taiff Style 2000W
2026-04-01,580.79,,Sapateira 1 Porta com Espelho Madesa Isis
2026-04-01,359.92,,Conjunto de Gabinete Banheiro 80cm com Cuba e Espelheira - - MOVEIS JOIA
2026-04-01,1407.99,,Armário de Cozinha Completa Suspenso 260cm Cinza Nice Madesa 10
2026-04-01,376.0,,Conjunto Gabinete Banheiro CROSS 60cm - Gabinete + Cuba + Espelheira - MOVEIS JOIA
2026-04-01,1044.91,,Sofá-cama Casal 3 Lugares Reclinável Matrix Laila
2026-04-01,158.99,,whiskas Ração Whiskas Carne Para Gatos Adultos 10 1 Kg
2026-04-01,71.2,,"NexGard Spectra Antipulgas e Carrapatos e Vermífugo para Cães de 3,6 a 7,5kg - 1 tablete"
2026-04-01,89.9,,"NexGard Spectra Antipulgas e Carrapatos e Vermífugo para Cães de 7,6 a 15kg - 1 tablete"
2026-04-01,17.9,,Pipicat Granulado Sanitario Classic 4 kg
2026-04-01,99.99,,"Chalesco Tapete Higiênico Premium para Cães 90 x 60 cm – Super Absorção, Controle de Odores e Base Antivazamento | 50 Unidades"
2026-04-01,29.83,,A hora da estrela: Edição comemorativa
2026-04-01,14.9,,"Mimo Style Cafeteira Prensa Francesa, Capacidade Para 350 ml, Com Haste e Alça, Resistente, Suporta Altas e Baixas Temperaturas (-20 °C a 180 °C), Excelente Sistema de Filtragem"
2026-04-01,635.9,,Purificador de Água Gelada Fria e Natural Elétrico Compacto Eletronico placa Electrolux Filtro refil 6 meses ou 3000l Painel Touch Bivolt Grafite PE12G
2026-04-01,549.0,,"MONDIAL Fritadeira Air Fryer Forno Oven 12L, Preto/Inox, 2000W, 110V - AFON-12L-BI"
2026-04-01,29.9,,"NIVEA Sabonete Líquido Óleo de Banho 200ml, Limpeza Corporal, Pele Macia, 55% Óleos Naturais, Sensação Hidratante"
2026-04-01,31.3,,"L'Oréal Paris Elseve Óleo Extraordinário Finalizador Capilar, Nutrição Profunda com 6 Óleos Preciosos, Anti-Frizz, Proteção Térmica até 230°C, Brilho Intenso para Todos os Tipos de Cabelo, 100ml"
2026-04-01,16.06,,"Danos Vorazes Óleo Reparador 50ml , Lola Cosmetics"
2026-04-01,70.62,,La Roche-Posay Cicaplast Baume B5+ Cuidado Multirreparador Calmante
2026-04-01,87.86,,"CeraVe, Loção Hidratante Corporal, com textura Fluida e Ácido Hialurônico"
2026-04-01,16.15,,"Argan Óleo Reparador 50ml , Lola Cosmetics"
2026-04-01,3869.1,,"Smartphone Samsung Galaxy Z Flip7 FE 128GB Preto 5G 8GB RAM Tela 6,7"" Câm. Dupla de 50MP Galaxy AI"
2026-04-01,2069.1,,"Smartphone Samsung Galaxy A56 128GB 5G 8GB RAM Preto 6,7"" Câm Tripla + Selfie 12MP"
2026-04-01,1709.1,,"Smartphone Samsung Galaxy A36 256GB 5G 8GB RAM Branco 6,7"" Câm. Tripla + Selfie 12MP"
2026-04-01,40.14,,Carregador Turbo Tipo - C Fonte 45W + Cabo Compatível com Samsung Galaxy Carga Ultra Rápida - Hoco
2026-04-01,53.27,,Relogio Smart Watch Inteligente Masculino Feminino Compatível Samsung Galaxy Xiaomi - 01Smart
2026-04-01,18.83,,Fone de Ouvido Com Fio Tipo C Estéreo Microfone Controle USB-C - Altomex
2026-04-01,49.97,,Fone de Ouvido Bluetooth Sem Fio 3ª Geração 13 Pro Branco - Pro 13
2026-04-01,89.91,,Fone de Ouvido Sem Fio Lenovo LP40 Bluetooth 5.0
2026-04-01,27.18,,Fone De Ouvido Sem Fio Bluetooth F9-5 Carregador de Celular - TWS
2026-04-01,371.07,,Caixa Amplificada Mondial Connect Lights Cm-400 Bivolt
2026-04-01,6.66,,"Pilha Alcalina, Elgin, Palito AAA, Blister com 4"
2026-04-01,1079.1,,"Celular Samsung Galaxy A17, 256GB, 8GB, 50MP Tela 6.7"", IP54 - Cinza"
2026-04-01,279.8,,"Fire TV Stick HD (Geração mais recente) | Com controle remoto por voz com Alexa (inclui comandos de TV), controles de casa inteligente e streaming em HD"
2026-04-01,44.9,,Duracell Pilhas Alcalinas AA Pequena Pack 8 Unidades – Dura até 10x Mais – Ideal para Controles Remotos Brinquedos e Lanternas
2026-04-01,26.58,,"PHILIPS, Fone de Ouvido com Microfone, TAUE101BK/00, Com fio de 1,2 metros, intra-auricular, Preto"
2026-04-01,220.99,,"soundcore P30i da Anker, Fone de Ouvido Bluetooth 5.4 com Cancelamento de Ruído Adaptativo, Graves Poderosos, 45H de Reprodução, Estojo 2-em-1 com Suporte para Celular, IP54, Fone sem fio TWS, Preto"
2026-04-01,1599.0,,"Smartphone Motorola Moto g86 5G - 256GB 24GB (8GB RAM+16GB Ram Boost) Tela 1.5K pOLED, 50MP Sony camera OIS Moto AI, videos em 4K, IP68 + IP69 - Grafite"
2026-04-01,266.0,,Panela de Pressão Tramontina antiaderente Starflon Max 4.5 L
2026-04-01,65.7,,Estante modular com 05 prateleiras colorida 877
2026-04-01,17.57,,Balança Digital até 10Kg - Belakaza
2026-04-01,19.77,,Balança Digital Nicobem 10KG Precisão com 2 pilhas
2026-04-01,53.91,,Pipoqueira Antiaderente 20cm 4L Cereja Nacional - Alumínio Nacional
2026-04-01,3419.1,,"Notebook ASUS Vivobook Go 15 AMD Ryzen 5 7520U 8GB RAM 512GB SSD 15,6"" Full HD Windows 11 E1504FA-NJ836W"
2026-04-01,2969.1,,"Notebook HP 256R G9 Intel Core i3 1315U 8GB 256GB 15,6” Windows 11 Intel UHD Graphics BQ9K8AT#AK4"
2026-04-01,3649.0,,"Notebook ASUS Vivobook 15 M1502, AMD Ryzen 7 5825U, 16GB RAM, 512 GB SSD, KeepOS, Tela 15.6, FHD, Cool Silver - M1502YA-NJ612"
2026-04-01,4986.5,,"Notebook Dell Inspiron I15-I1300-M70P 15.6"" Full HD 13ª Gen Intel Core i7 16GB 512GB SSD Win 11 Preto Carbono"
2026-04-01,3390.5,,"Notebook Dell Inspiron 15.6"" Full HD Intel Core 3-100U 8GB 512GB SSD Linux Preto Carbono I15-I3100-U15P"
2026-04-01,146.7,,Mochila Masculina Feminina Notebook Escolar Faculdade Viagem Dia a Dia Reforçada Resistente a Água Marcador de Bagagem Saida usb Fone - ACO
2026-04-01,153.9,,Mochila Bolsa Notebook Reforçada Anti Furto Semi Impermeável - aco
2026-04-01,50.39,,Kit teclado e mouse sem fio branco computador notebook brazilpc bpc-5269/3w289
2026-04-01,29.61,,Mochila Mala Reforçada Notebook Impermeável Escolar Trabalho Oferta - New Bag
2026-04-01,94.11,,Teclado com fio USB Logitech K120 Resistente à Respingos e Layout ABNT2 -920-004423
2026-04-01,116.91,,Sanduicheira e Grill Press Inox Antiaderente 850W Britânia
2026-04-01,46.27,,Copo de Liquidificador Compatível Mondial Turbo Premium Inox L1000 L1100 Preto - Micromax
2026-04-01,40.37,,Copo de Liquidificador Compatível Philips Walita Multiprocessador Ri7625 Power Chop Ri7630 Cristal Preto - Micromax
2026-04-01,174.9,,Mixer Britânia BMX400P 3 em 1 500W 110V
2026-04-01,46.27,,Copo De Liquidificador Philco Ph900 Cristal Tampa Preta - Micromax
2026-04-01,49.9,,"Combo Teclado e Mouse Bluetooth Ultrafino Sem Fio, Portátil e Recarregável E Teclado sem Fio - Compatível com Tablets Android, Celular, Smartphone, iPhone, iPad mini, Pro Air 10.2 10.9 11 12.9"
2026-04-01,159.0,,"ELG, F80N, Suporte Articulado de Mesa, Pistão a Gás, Design Compacto e Retrátil, Ergonômico, Monitores 17'' a 35'', 2kg a 9kg, Preto"
2026-04-01,832.9,,"Impressora Multifuncional HP Smart Tank 581 Tanque de Tinta Colorida Wi-Fi, USB - Alta Economia -Copiadora e Scanner (4A8D5A)"
2026-04-01,2999.0,,"Notebook ASUS VivoBook Go 15, AMD RYZEN 5 7520U, 8GB, 512GB SSD, KeepOS, Tela 15,6"" FHD, Mixed Black - E1504FA-NJ732"
2026-04-01,2752.36,,"Tablet Samsung Galaxy Tab S10 FE, Cinza, 128GB, 8GB RAM, Tela Imersiva de 10.9"" 90Hz, Camera Traseira de 13MP, Câmera Frontal de 12MP Ultra Wide, Wifi 6, IP68, Android 15"
2026-04-01,49.9,,"L'Oréal Professionnel Serie Expert Absolut Repair, Shampoo Reconstrutor para Cabelos Danificados e Finos Refil com Quinoa Dourada, Reparação Profunda e Brilho Intenso 240ml"
2026-04-01,65.9,,"Maybelline NY The Colossal Volum' Express, Kit Máscaras de Cílios, Volume Colossal, Remoção Instantânea com Água, Fórmula com Colágeno, Cor Preto, 2 Unidades"
2026-04-01,79.9,,"Protetor Solar Facial Para Pele Oleosa Derm Care, FPS 70, Sem Cor, Kit com 2 Unidades de 40g"
2026-04-01,65.99,,"MONDIAL Secador de Cabelos Travel, Golden Rose, 1200W, Bivolt - SC-47-GR"
2026-04-01,28.4,,"Rapunzel Máscara de Tratamento 450g , Lola Cosmetics"
2026-04-01,20.1,,"Leave-In L'Oréal Paris Elseve Reparação Total 5 Cicatri Renov, Reparação Instantânea, Desembaraço Imediato, Repara os Danos Fio a Fio, Para Todos os Tipos de Cabelo 100ml"
2026-04-01,89.0,,"Electrolux Kit 12 Potes Herméticos de Plástico Retangulares, Multiuso, Vedação Silicone, BPA Free, Porta Mantimentos"
2026-04-01,65.0,,Filtro/Refil Original de Água Acqua Pure para Purificador Electrolux PE12A/PE12B/PE12G/PE12V/PE12P
2026-04-01,174.6,,"Liquidificador 1400 Full Oster Preto 3,2L - 127V"
2026-04-01,94.12,,"MONDIAL Liquidificador Turbo Power, Preto, 550W, 220V - L-99 FB"
2026-04-01,105.21,,"LUMAI Original Conjunto de 5 Facas Grandes de Cozinha Zurich Robusto em Aço Inoxidável 3CR13 com Lâminas Inteiriças – Forja Prolongada para Robustez, Anti ferrugem, Ultra Afiadas e Precisão Suíça"
2026-04-01,5385.25,,"Smart TV Samsung 75"" Polegadas QLED Ultra 4K Q7F 2025, Processador com AI e Alexa Integrada"
2026-04-01,6174.05,,"Smart TV 75"" Samsung Ultra 4K QLED QN75Q7FAAGXZD Tizen Q4 AI 3 HDMI"
2026-04-01,50.6,,Suporte Articulado de Parede para TV 14 a 55 Polegadas LED LCD Smart Universal Até 50 Kg Aço Reforçado Kit Parafusos Inclusos - Yara
2026-04-01,91.79,,Aparelho de Karaokê DVD Player Mondial D-20
2026-04-01,2679.9,,Smart TV LG 50 4K Wi-Fi 50UA8550PSA Comando de Voz
2026-04-01,446.04,,Forno Elétrico Philco 50L PFE52P Dupla Resistência
2026-04-01,2117.55,,Geladeira Duplex 294L Cycle Defrost Branca Midea
2026-04-01,1998.57,,Lavadora de Roupas Electrolux 15kg Cesto Inox 11 Programas de Lavagem Branco Premium Care Jet&Clean e Time Control LEC15
2026-04-01,539.0,,Micro-Ondas Panasonic 21LT 127V Branco NN-ST25LWRUK
2026-04-01,566.37,,Micro-ondas Panasonic 21L NN-ST25L Branco
2026-04-01,411.93,,Controle PS5 Dualsense Midnight Black Sony
2026-04-01,46.22,,Controle Sem Fio Compatível Para Ps3 Pc Joystick Manete Cor Preto Mais Cabo de Carregamento - Doubleshock
2026-04-01,389.67,,"Controle Sony DualSense PS5, Sem Fio, Branco - 3005767"
2026-04-01,52.91,,Controle Video Game Xbx 360 Com Fio Joystick E Pc - Pah
2026-04-01,379.0,,"Controle Sony DualSense PS5, Sem Fio, Midnight Black - 3006452"
2026-04-01,569.0,,"Kindle 16 GB (Geração mais recente) - Leve e compacto, com tela antirreflexo, trocas de página mais rápidas, luz frontal ajustável e bateria de longa duração - Cor Preta"
2026-04-01,409.0,,"Echo Dot (Geração mais recente) | Smart speaker com Alexa, som vibrante e potente, Wi-Fi e Bluetooth | Cor Branca"
2026-04-01,379.0,,Echo Pop (Geração mais recente) | Smart speaker compacto com som envolvente e Alexa | Cor Preta
2026-04-01,99.0,,Adaptador de energia
2026-04-01,55.75,,Travesseiro Nasa Master Antialérgico Anatomico e Não Aquece Com Calor Corporal - Master Comfort
2026-04-01,7.73,,"Tapete de Banheiro Antiderrapante com Ventosas para Box e Banho 65x33cm Segurança, Conforto e Estabilidade - Tapete para Banheiro"
2026-04-01,40.89,,Travesseiro Peletizado Anti Stress Master Comfort 50X70cm Macio Confortável Lavável
2026-04-01,66.78,,Travesseiro Para Ronco Dor Cervical Postura Apneia do Sono Magnético Pastilhas IVL - Pillowmanta
2026-04-01,53.91,,Kit 2 Travesseiros Best Sono - Fibra Siliconada - Beaf
2026-04-02,46.27,,Copo para Liquidificador Compatível Mondial Turbo Premium E Inox L1000 L1100 Cristal - Micromax
2026-04-02,256.6,,"Aspirador de Pó Vertical com Fio Electrolux 2 em 1 Efficient Capacidade de 0,95 Litros com Cyclonic Power - STK17"
2026-04-02,260.31,,Aspirador de Pó Vertical com Fio Electrolux 1600W 2 em 1 Bocal Multi-Clean Azul (STK17)
2026-04-02,596.01,,Bebedouro de Água Esmaltec de Mesa Refrigerado por Compressor Gelágua EGM30 Branco 220V
2026-04-02,631.47,,Bebedouro de Água Esmaltec de Mesa - Refrigerado por Compressor Gelágua EGM30
2026-04-02,46.35,,Escova Secadora Profissional Seca Alisa Modela Cabelo 110v - Dfjn
2026-04-02,51.14,,Escova Secadora Profissional Seca Alisa E Modela Cabelo Com Cabo - Dfjn
2026-04-02,8.58,,Spray Borrifador Pulverizador de Óleo Azeite e Vinagre Vidro 200ml Cozinha Temperar Salada Churrasco - Spray de Azeite
2026-04-02,43.11,,Cicatricure Creme para Rugas 50g
2026-04-02,37.91,,Maquiagem Capilar A Prova De Agua Suor Resistente Pó Cabelo Barba Correção de Falhas - Sev
2026-04-02,362.81,,Cozinha Completa Compacta Armário Multiuso com Gaveta Organizadora 5 Portas Móveis Bonatto
2026-04-02,57.24,,Mesinha Redonda De Canto Lateral Retro Pe Palito - Kelan
2026-04-02,59.31,,Mesas Redonda De Canto Lateral Retro Pe Palito - Kelan
2026-04-02,30.01,,"Sapateira 10 Andares Grande Vertical, Organizador de Sapatos, Tênis e Chinelos, Ideal para Entrada, Hall, Quarto ou Closet - Importado"
2026-04-02,30.77,,Sapateira 10 Andares Vertical Grande Organizador de Sapatos Tênis Chinelos Multiuso Entrada Hall Quarto Closet Prática Resistente - Importado
2026-04-02,125.43,,"Bravecto® Cães 250mg - Antipulgas e Carrapatos - Cães de 4,5 a 10kg - 1 Comp. Mastigável - MSD Saúde Animal"
2026-04-02,57.74,,Scalibor® 19g - Coleira Antiparasitária contra mosquitos vetores da Leishmaniose - Cães porte médio 48cm - MSD Saúde Animal
2026-04-02,61.88,,"NexGard Antipulgas e Carrapatos para Cães de 4,1 a 10kg, 1 tablete"
2026-04-02,56.9,,Tapete Higiênico Premium para cães Petlike Ultrapads Aroma Lavanda 80cmx60cm 30 unid.
2026-04-02,99.99,,"Chalesco Tapete Higiênico Premium para Cães 90 x 60 cm – Super Absorção, Controle de Odores e Base Antivazamento | 50 Unidades"
2026-04-02,52.07,,Tapete Higiênico Premium para cães Petlike Ultrapads Aroma Neutro 80cmx60cm 30 unid.
2026-04-02,107.0,,"Mixer Power Inox 3 em 1 600W Elgin Lunar 110V - Mixer, triturador e batedor"
2026-04-02,657.49,,Purificador de Água Gelada Fria e Natural Elétrico Compacto Eletronico placa Electrolux Filtro refil 6 meses ou 3000l Painel Touch Bivolt Grafite PE12G
2026-04-02,105.21,,"LUMAI Original Conjunto de 5 Facas Grandes de Cozinha Zurich Robusto em Aço Inoxidável 3CR13 com Lâminas Inteiriças – Forja Prolongada para Robustez, Anti ferrugem, Ultra Afiadas e Precisão Suíça"
2026-04-02,34.49,,Bolsa Termica Marmita Lancheira Grande Alça Ombro Trabalho Passeio Academia Dois Andares (Bolsa Preta)
2026-04-02,17.9,,Dolce Gusto Mochaccino Em Cápsula Avelã Nescafé Caixa 170G 10 Unidades
2026-04-02,14.9,,"Mimo Style Cafeteira Prensa Francesa, Capacidade Para 350 ml, Com Haste e Alça, Resistente, Suporta Altas e Baixas Temperaturas (-20 °C a 180 °C), Excelente Sistema de Filtragem"
2026-04-02,31.3,,"L'Oréal Paris Elseve Óleo Extraordinário Finalizador Capilar, Nutrição Profunda com 6 Óleos Preciosos, Anti-Frizz, Proteção Térmica até 230°C, Brilho Intenso para Todos os Tipos de Cabelo, 100ml"
2026-04-02,16.78,,"Pinga Cenoura e Oliva Óleo 50ml , Lola Cosmetics"
2026-04-02,31.99,,"Pantene Pro-V Miracles Óleo Capilar Milagroso Queratina Nutrição, Brilho E Proteção 95ml"
2026-04-02,26.98,,Lola Cosmetics Rapunzel - Tônico Capilar 230ml
2026-04-02,35.19,,Dove Sérum Hidratante Corporal Niacinamida + Uniformizador 380ml
2026-04-02,4899.0,,"Apple iPhone 16e 512GB Branco 6,1"" 48MP iOS 5G"
2026-04-02,30.27,,Relógio Smart Watch Digital D20 Original Masculino E Feminino - 01Smart
2026-04-02,1534.24,,Smartphone Xiaomi Redmi Note 14 Lançamento 256GB 128GB Câmera 108MP 20MP até 12GB Ramboost AMOLED 120Hz FHD plus celular Design Premium - Unity
2026-04-02,129.9,,Carregador USB-C de 20W Apple Branco Original - MUVU3BZ/A
2026-04-02,42.5,,Carregador Turbo Fonte 30w Usbc Cabo Compatível iPhone 15 15 plus 15 pro 15 16 max - a gold
2026-04-02,510.0,,Caixa Amplificada Mondial CM-400 400W Bluetooth USB Rádio FM
2026-04-02,28.89,,Fone de Ouvido Sem Fio Bluetooth AirPro 2 com Estojo de Carregamento Som Imersivo e Conforto Premium - TWS
2026-04-02,24.64,,"Fone de Ouvido Wireless Bluetooth InPods Branco Compatível com iOS, Android e Notebook Som de Alta Qualidade - Woofs"
2026-04-02,30.33,,Fone De Ouvido Sem Fio Original A Via Bluetooth A6S Pro Preto Pequeno Originais Fones - 01Smart
2026-04-02,175.52,,Fone de Ouvido Sem Fio QCY T13 TWS 4 Mics Controle Por Toque e Bluetooth 5.1
2026-04-02,26.85,,Pilha Alcalina AA com 16 unidades Elgin Comum
2026-04-02,279.8,,"Fire TV Stick HD (Geração mais recente) | Com controle remoto por voz com Alexa (inclui comandos de TV), controles de casa inteligente e streaming em HD"
2026-04-02,44.9,,Duracell Pilhas Alcalinas AA Pequena Pack 8 Unidades – Dura até 10x Mais – Ideal para Controles Remotos Brinquedos e Lanternas
2026-04-06,46.27,,Copo de Liquidificador Compatível Mondial Turbo Premium Inox L1000 L1100 Preto - Micromax
2026-04-06,184.9,,Aspirador de Pó Vertical WAP Silent Speed Max 1350W 220V
2026-04-06,37.64,,Copo de Liquidificador Compatível Philips Walita Multiprocessador Ri7625 Power Chop Ri7630 Cristal Preto - Micromax
2026-04-06,177.9,,Mixer Britânia BMX400P 3 em 1 500W 110V
2026-04-06,37.75,,Copo liquidificador compatível com walita serie 5000 ri 2240/42/44 - MICROMX
2026-04-06,43.95,,Copo De Liquidificador Philco Ph900 Cristal Tampa Preta - Micromax
